REPAYMENT_ID,LOAN_ID,INSTALLMENT_NO,DUE_DATE,PRINCIPAL_DUE,INTEREST_DUE,TOTAL_DUE,PAID_DATE,PAID_AMOUNT,STATUS
1,LOAN00001,1,2025-09-27,250582.0,7168.0,257750.0,,,OVERDUE
2,LOAN00001,2,2025-10-27,250582.0,7168.0,257750.0,,,OVERDUE
3,LOAN00001,3,2025-11-27,250582.0,7168.0,257750.0,,,OVERDUE
4,LOAN00001,4,2025-12-27,250582.0,7168.0,257750.0,,,OVERDUE
5,LOAN00001,5,2026-01-27,250582.0,7168.0,257750.0,,,OVERDUE
6,LOAN00002,1,2025-02-27,376870.0,12926.0,389796.0,2025-02-27,389796.0,PAID
7,LOAN00002,2,2025-03-27,376870.0,12926.0,389796.0,2025-03-27,389796.0,PAID
8,LOAN00002,3,2025-04-27,376870.0,12926.0,389796.0,2025-04-27,389796.0,PAID
9,LOAN00002,4,2025-05-27,376870.0,12926.0,389796.0,2025-05-27,389796.0,PAID
10,LOAN00002,5,2025-06-27,376870.0,12926.0,389796.0,2025-06-27,389796.0,PAID
11,LOAN00003,1,2025-10-27,547770.0,21127.0,568897.0,2025-10-27,568897.0,PAID
12,LOAN00003,2,2025-11-27,547770.0,21127.0,568897.0,2025-11-27,568897.0,PAID
13,LOAN00003,3,2025-12-27,547770.0,21127.0,568897.0,2025-12-27,568897.0,PAID
14,LOAN00003,4,2026-01-27,547770.0,21127.0,568897.0,2026-01-27,568897.0,PAID
15,LOAN00003,5,2026-02-27,547770.0,21127.0,568897.0,2026-02-27,568897.0,PAID
16,LOAN00004,1,2023-05-27,1079692.0,32283.0,1111975.0,2023-05-27,1111975.0,PAID
17,LOAN00004,2,2023-06-27,1079692.0,32283.0,1111975.0,2023-06-27,1111975.0,PAID
18,LOAN00004,3,2023-07-27,1079692.0,32283.0,1111975.0,2023-07-27,1111975.0,PAID
19,LOAN00004,4,2023-08-27,1079692.0,32283.0,1111975.0,2023-08-27,1111975.0,PAID
20,LOAN00004,5,2023-09-27,1079692.0,32283.0,1111975.0,2023-09-27,1111975.0,PAID
21,LOAN00005,1,2018-05-27,301049.0,17353.0,318402.0,,,OVERDUE
22,LOAN00005,2,2018-06-27,301049.0,17353.0,318402.0,,,OVERDUE
23,LOAN00005,3,2018-07-27,301049.0,17353.0,318402.0,,,OVERDUE
24,LOAN00005,4,2018-08-27,301049.0,17353.0,318402.0,,,OVERDUE
25,LOAN00005,5,2018-09-27,301049.0,17353.0,318402.0,,,OVERDUE
26,LOAN00006,1,2018-07-27,669512.0,51468.0,720980.0,2018-07-27,720980.0,PAID
27,LOAN00006,2,2018-08-27,669512.0,51468.0,720980.0,2018-08-27,720980.0,PAID
28,LOAN00006,3,2018-09-27,669512.0,51468.0,720980.0,2018-09-27,720980.0,PAID
29,LOAN00006,4,2018-10-27,669512.0,51468.0,720980.0,2018-10-27,720980.0,PAID
30,LOAN00006,5,2018-11-27,669512.0,51468.0,720980.0,2018-11-27,720980.0,PAID
31,LOAN00007,1,2026-04-27,130121.0,49875.0,179996.0,,,OVERDUE
32,LOAN00007,2,2026-05-27,130121.0,49875.0,179996.0,,,OVERDUE
33,LOAN00007,3,2026-06-27,130121.0,49875.0,179996.0,,,OVERDUE
34,LOAN00007,4,2026-07-27,130121.0,49875.0,179996.0,,,OVERDUE
35,LOAN00007,5,2026-08-27,130121.0,49875.0,179996.0,,,OVERDUE
36,LOAN00008,1,2015-09-27,135864.0,142497.0,278361.0,2015-09-27,278361.0,PAID
37,LOAN00008,2,2015-10-27,135864.0,142497.0,278361.0,2015-10-27,278361.0,PAID
38,LOAN00008,3,2015-11-27,135864.0,142497.0,278361.0,2015-11-27,278361.0,PAID
39,LOAN00008,4,2015-12-27,135864.0,142497.0,278361.0,2015-12-27,278361.0,PAID
40,LOAN00008,5,2016-01-27,135864.0,142497.0,278361.0,2016-01-27,278361.0,PAID
41,LOAN00009,1,2017-07-27,6022.0,3467.0,9489.0,2017-07-27,9489.0,PAID
42,LOAN00009,2,2017-08-27,6022.0,3467.0,9489.0,2017-08-27,9489.0,PAID
43,LOAN00009,3,2017-09-27,6022.0,3467.0,9489.0,2017-09-27,9489.0,PAID
44,LOAN00009,4,2017-10-27,6022.0,3467.0,9489.0,2017-10-27,9489.0,PAID
45,LOAN00009,5,2017-11-27,6022.0,3467.0,9489.0,2017-11-27,9489.0,PAID
46,LOAN00010,1,2026-11-27,36446.0,2107.0,38553.0,,,SCHEDULED
47,LOAN00010,2,2026-12-27,36446.0,2107.0,38553.0,,,SCHEDULED
48,LOAN00010,3,2027-01-27,36446.0,2107.0,38553.0,,,SCHEDULED
49,LOAN00010,4,2027-02-27,36446.0,2107.0,38553.0,,,SCHEDULED
50,LOAN00010,5,2027-03-27,36446.0,2107.0,38553.0,,,SCHEDULED
51,LOAN00011,1,2015-05-27,4794.0,1143.0,5937.0,2015-05-27,5937.0,PAID
52,LOAN00011,2,2015-06-27,4794.0,1143.0,5937.0,2015-06-27,5937.0,PAID
53,LOAN00011,3,2015-07-27,4794.0,1143.0,5937.0,2015-07-27,5937.0,PAID
54,LOAN00011,4,2015-08-27,4794.0,1143.0,5937.0,2015-08-27,5937.0,PAID
55,LOAN00011,5,2015-09-27,4794.0,1143.0,5937.0,2015-09-27,5937.0,PAID
56,LOAN00012,1,2020-05-27,1924.0,640.0,2564.0,2020-05-27,2564.0,PAID
57,LOAN00012,2,2020-06-27,1924.0,640.0,2564.0,2020-06-27,2564.0,PAID
58,LOAN00012,3,2020-07-27,1924.0,640.0,2564.0,2020-07-27,2564.0,PAID
59,LOAN00012,4,2020-08-27,1924.0,640.0,2564.0,2020-08-27,2564.0,PAID
60,LOAN00012,5,2020-09-27,1924.0,640.0,2564.0,2020-09-27,2564.0,PAID
61,LOAN00013,1,2019-04-27,49999.0,7080.0,57079.0,2019-04-27,57079.0,PAID
62,LOAN00013,2,2019-05-27,49999.0,7080.0,57079.0,2019-05-27,57079.0,PAID
63,LOAN00013,3,2019-06-27,49999.0,7080.0,57079.0,2019-06-27,57079.0,PAID
64,LOAN00013,4,2019-07-27,49999.0,7080.0,57079.0,2019-07-27,57079.0,PAID
65,LOAN00013,5,2019-08-27,49999.0,7080.0,57079.0,2019-08-27,57079.0,PAID
66,LOAN00014,1,2026-04-27,75000.0,10430.0,85430.0,2026-04-27,85430.0,PAID
67,LOAN00014,2,2026-05-27,75000.0,10430.0,85430.0,2026-05-27,85430.0,PAID
68,LOAN00014,3,2026-06-27,75000.0,10430.0,85430.0,2026-06-27,85430.0,PAID
69,LOAN00014,4,2026-07-27,75000.0,10430.0,85430.0,2026-07-27,85430.0,PAID
70,LOAN00014,5,2026-08-27,75000.0,10430.0,85430.0,2026-08-27,85430.0,PAID
71,LOAN00015,1,2015-09-27,268329.0,30560.0,298889.0,2015-09-27,298889.0,PAID
72,LOAN00015,2,2015-10-27,268329.0,30560.0,298889.0,2015-10-27,298889.0,PAID
73,LOAN00015,3,2015-11-27,268329.0,30560.0,298889.0,2015-11-27,298889.0,PAID
74,LOAN00015,4,2015-12-27,268329.0,30560.0,298889.0,2015-12-27,298889.0,PAID
75,LOAN00015,5,2016-01-27,268329.0,30560.0,298889.0,2016-01-27,298889.0,PAID
76,LOAN00016,1,2020-03-27,35675.0,11984.0,47659.0,2020-03-27,47659.0,PAID
77,LOAN00016,2,2020-04-27,35675.0,11984.0,47659.0,2020-04-27,47659.0,PAID
78,LOAN00016,3,2020-05-27,35675.0,11984.0,47659.0,2020-05-27,47659.0,PAID
79,LOAN00016,4,2020-06-27,35675.0,11984.0,47659.0,2020-06-27,47659.0,PAID
80,LOAN00016,5,2020-07-27,35675.0,11984.0,47659.0,2020-07-27,47659.0,PAID
81,LOAN00017,1,2020-09-27,25905.0,2809.0,28714.0,2020-09-27,28714.0,PAID
82,LOAN00017,2,2020-10-27,25905.0,2809.0,28714.0,2020-10-27,28714.0,PAID
83,LOAN00017,3,2020-11-27,25905.0,2809.0,28714.0,2020-11-27,28714.0,PAID
84,LOAN00017,4,2020-12-27,25905.0,2809.0,28714.0,2020-12-27,28714.0,PAID
85,LOAN00017,5,2021-01-27,25905.0,2809.0,28714.0,2021-01-27,28714.0,PAID
86,LOAN00018,1,2024-12-27,3470.0,6079.0,9549.0,2024-12-27,9549.0,PAID
87,LOAN00018,2,2025-01-27,3470.0,6079.0,9549.0,2025-01-27,9549.0,PAID
88,LOAN00018,3,2025-02-27,3470.0,6079.0,9549.0,2025-02-27,9549.0,PAID
89,LOAN00018,4,2025-03-27,3470.0,6079.0,9549.0,2025-03-27,9549.0,PAID
90,LOAN00018,5,2025-04-27,3470.0,6079.0,9549.0,2025-04-27,9549.0,PAID
91,LOAN00019,1,2016-07-27,2979.0,4610.0,7589.0,2016-07-27,7589.0,PAID
92,LOAN00019,2,2016-08-27,2979.0,4610.0,7589.0,2016-08-27,7589.0,PAID
93,LOAN00019,3,2016-09-27,2979.0,4610.0,7589.0,2016-09-27,7589.0,PAID
94,LOAN00019,4,2016-10-27,2979.0,4610.0,7589.0,2016-10-27,7589.0,PAID
95,LOAN00019,5,2016-11-27,2979.0,4610.0,7589.0,2016-11-27,7589.0,PAID
96,LOAN00020,1,2026-12-27,14407.0,3389.0,17796.0,,,SCHEDULED
97,LOAN00020,2,2027-01-27,14407.0,3389.0,17796.0,,,SCHEDULED
98,LOAN00020,3,2027-02-27,14407.0,3389.0,17796.0,,,SCHEDULED
99,LOAN00020,4,2027-03-27,14407.0,3389.0,17796.0,,,SCHEDULED
100,LOAN00020,5,2027-04-27,14407.0,3389.0,17796.0,,,SCHEDULED
101,LOAN00021,1,2020-11-27,7819.0,13143.0,20962.0,2020-11-27,20962.0,PAID
102,LOAN00021,2,2020-12-27,7819.0,13143.0,20962.0,2020-12-27,20962.0,PAID
103,LOAN00021,3,2021-01-27,7819.0,13143.0,20962.0,2021-01-27,20962.0,PAID
104,LOAN00021,4,2021-02-27,7819.0,13143.0,20962.0,2021-02-27,20962.0,PAID
105,LOAN00021,5,2021-03-27,7819.0,13143.0,20962.0,2021-03-27,20962.0,PAID
106,LOAN00022,1,2024-06-27,220441.0,39887.0,260328.0,2024-06-27,260328.0,PAID
107,LOAN00022,2,2024-07-27,220441.0,39887.0,260328.0,2024-07-27,260328.0,PAID
108,LOAN00022,3,2024-08-27,220441.0,39887.0,260328.0,2024-08-27,260328.0,PAID
109,LOAN00022,4,2024-09-27,220441.0,39887.0,260328.0,2024-09-27,260328.0,PAID
110,LOAN00022,5,2024-10-27,220441.0,39887.0,260328.0,2024-10-27,260328.0,PAID
111,LOAN00023,1,2015-04-27,150000.0,3711.0,153711.0,2015-04-27,153711.0,PAID
112,LOAN00023,2,2015-05-27,150000.0,3711.0,153711.0,2015-05-27,153711.0,PAID
113,LOAN00023,3,2015-06-27,150000.0,3711.0,153711.0,2015-06-27,153711.0,PAID
114,LOAN00023,4,2015-07-27,150000.0,3711.0,153711.0,2015-07-27,153711.0,PAID
115,LOAN00023,5,2015-08-27,150000.0,3711.0,153711.0,2015-08-27,153711.0,PAID
116,LOAN00024,1,2015-06-27,60070.0,157771.0,217841.0,,,OVERDUE
117,LOAN00024,2,2015-07-27,60070.0,157771.0,217841.0,,,OVERDUE
118,LOAN00024,3,2015-08-27,60070.0,157771.0,217841.0,,,OVERDUE
119,LOAN00024,4,2015-09-27,60070.0,157771.0,217841.0,,,OVERDUE
120,LOAN00024,5,2015-10-27,60070.0,157771.0,217841.0,,,OVERDUE
121,LOAN00025,1,2017-02-27,7891.0,6072.0,13963.0,2017-02-27,13963.0,PAID
122,LOAN00025,2,2017-03-27,7891.0,6072.0,13963.0,2017-03-27,13963.0,PAID
123,LOAN00025,3,2017-04-27,7891.0,6072.0,13963.0,2017-04-27,13963.0,PAID
124,LOAN00025,4,2017-05-27,7891.0,6072.0,13963.0,2017-05-27,13963.0,PAID
125,LOAN00025,5,2017-06-27,7891.0,6072.0,13963.0,2017-06-27,13963.0,PAID
126,LOAN00026,1,2025-04-27,5673.0,4493.0,10166.0,2025-04-27,10166.0,PAID
127,LOAN00026,2,2025-05-27,5673.0,4493.0,10166.0,2025-05-27,10166.0,PAID
128,LOAN00026,3,2025-06-27,5673.0,4493.0,10166.0,2025-06-27,10166.0,PAID
129,LOAN00026,4,2025-07-27,5673.0,4493.0,10166.0,2025-07-27,10166.0,PAID
130,LOAN00026,5,2025-08-27,5673.0,4493.0,10166.0,2025-08-27,10166.0,PAID
131,LOAN00027,1,2025-02-27,92118.0,7656.0,99774.0,2025-02-27,99774.0,PAID
132,LOAN00027,2,2025-03-27,92118.0,7656.0,99774.0,2025-03-27,99774.0,PAID
133,LOAN00027,3,2025-04-27,92118.0,7656.0,99774.0,2025-04-27,99774.0,PAID
134,LOAN00027,4,2025-05-27,92118.0,7656.0,99774.0,2025-05-27,99774.0,PAID
135,LOAN00027,5,2025-06-27,92118.0,7656.0,99774.0,2025-06-27,99774.0,PAID
136,LOAN00028,1,2025-08-27,190093.0,29561.0,219654.0,2025-08-27,219654.0,PAID
137,LOAN00028,2,2025-09-27,190093.0,29561.0,219654.0,2025-09-27,219654.0,PAID
138,LOAN00028,3,2025-10-27,190093.0,29561.0,219654.0,2025-10-27,219654.0,PAID
139,LOAN00028,4,2025-11-27,190093.0,29561.0,219654.0,2025-11-27,219654.0,PAID
140,LOAN00028,5,2025-12-27,190093.0,29561.0,219654.0,2025-12-27,219654.0,PAID
141,LOAN00029,1,2026-03-27,10926.0,3601.0,14527.0,,,OVERDUE
142,LOAN00029,2,2026-04-27,10926.0,3601.0,14527.0,,,OVERDUE
143,LOAN00029,3,2026-05-27,10926.0,3601.0,14527.0,,,OVERDUE
144,LOAN00029,4,2026-06-27,10926.0,3601.0,14527.0,,,OVERDUE
145,LOAN00029,5,2026-07-27,10926.0,3601.0,14527.0,,,OVERDUE
146,LOAN00030,1,2024-08-27,133713.0,7574.0,141287.0,2024-08-27,141287.0,PAID
147,LOAN00030,2,2024-09-27,133713.0,7574.0,141287.0,2024-09-27,141287.0,PAID
148,LOAN00030,3,2024-10-27,133713.0,7574.0,141287.0,2024-10-27,141287.0,PAID
149,LOAN00030,4,2024-11-27,133713.0,7574.0,141287.0,2024-11-27,141287.0,PAID
150,LOAN00030,5,2024-12-27,133713.0,7574.0,141287.0,2024-12-27,141287.0,PAID
151,LOAN00031,1,2015-11-27,75141.0,181176.0,256317.0,2015-11-27,256317.0,PAID
152,LOAN00031,2,2015-12-27,75141.0,181176.0,256317.0,2015-12-27,256317.0,PAID
153,LOAN00031,3,2016-01-27,75141.0,181176.0,256317.0,2016-01-27,256317.0,PAID
154,LOAN00031,4,2016-02-27,75141.0,181176.0,256317.0,2016-02-27,256317.0,PAID
155,LOAN00031,5,2016-03-27,75141.0,181176.0,256317.0,2016-03-27,256317.0,PAID
156,LOAN00032,1,2024-10-27,2091.0,1727.0,3818.0,2024-10-27,3818.0,PAID
157,LOAN00032,2,2024-11-27,2091.0,1727.0,3818.0,2024-11-27,3818.0,PAID
158,LOAN00032,3,2024-12-27,2091.0,1727.0,3818.0,2024-12-27,3818.0,PAID
159,LOAN00032,4,2025-01-27,2091.0,1727.0,3818.0,2025-01-27,3818.0,PAID
160,LOAN00032,5,2025-02-27,2091.0,1727.0,3818.0,2025-02-27,3818.0,PAID
161,LOAN00033,1,2017-06-27,6398.0,5036.0,11434.0,2017-06-27,11434.0,PAID
162,LOAN00033,2,2017-07-27,6398.0,5036.0,11434.0,2017-07-27,11434.0,PAID
163,LOAN00033,3,2017-08-27,6398.0,5036.0,11434.0,2017-08-27,11434.0,PAID
164,LOAN00033,4,2017-09-27,6398.0,5036.0,11434.0,2017-09-27,11434.0,PAID
165,LOAN00033,5,2017-10-27,6398.0,5036.0,11434.0,2017-10-27,11434.0,PAID
166,LOAN00034,1,2016-11-27,11902.0,2980.0,14882.0,2016-11-27,14882.0,PAID
167,LOAN00034,2,2016-12-27,11902.0,2980.0,14882.0,2016-12-27,14882.0,PAID
168,LOAN00034,3,2017-01-27,11902.0,2980.0,14882.0,2017-01-27,14882.0,PAID
169,LOAN00034,4,2017-02-27,11902.0,2980.0,14882.0,2017-02-27,14882.0,PAID
170,LOAN00034,5,2017-03-27,11902.0,2980.0,14882.0,2017-03-27,14882.0,PAID
171,LOAN00035,1,2021-07-27,10092.0,1968.0,12060.0,2021-07-27,12060.0,PAID
172,LOAN00035,2,2021-08-27,10092.0,1968.0,12060.0,2021-08-27,12060.0,PAID
173,LOAN00035,3,2021-09-27,10092.0,1968.0,12060.0,2021-09-27,12060.0,PAID
174,LOAN00035,4,2021-10-27,10092.0,1968.0,12060.0,2021-10-27,12060.0,PAID
175,LOAN00035,5,2021-11-27,10092.0,1968.0,12060.0,2021-11-27,12060.0,PAID
176,LOAN00036,1,2022-06-27,15530.0,1706.0,17236.0,2022-06-27,17236.0,PAID
177,LOAN00036,2,2022-07-27,15530.0,1706.0,17236.0,2022-07-27,17236.0,PAID
178,LOAN00036,3,2022-08-27,15530.0,1706.0,17236.0,2022-08-27,17236.0,PAID
179,LOAN00036,4,2022-09-27,15530.0,1706.0,17236.0,2022-09-27,17236.0,PAID
180,LOAN00036,5,2022-10-27,15530.0,1706.0,17236.0,2022-10-27,17236.0,PAID
181,LOAN00037,1,2017-07-27,192457.0,28598.0,221055.0,2017-07-27,221055.0,PAID
182,LOAN00037,2,2017-08-27,192457.0,28598.0,221055.0,2017-08-27,221055.0,PAID
183,LOAN00037,3,2017-09-27,192457.0,28598.0,221055.0,2017-09-27,221055.0,PAID
184,LOAN00037,4,2017-10-27,192457.0,28598.0,221055.0,2017-10-27,221055.0,PAID
185,LOAN00037,5,2017-11-27,192457.0,28598.0,221055.0,2017-11-27,221055.0,PAID
186,LOAN00038,1,2022-02-27,15905.0,9476.0,25381.0,2022-02-27,25381.0,PAID
187,LOAN00038,2,2022-03-27,15905.0,9476.0,25381.0,2022-03-27,25381.0,PAID
188,LOAN00038,3,2022-04-27,15905.0,9476.0,25381.0,2022-04-27,25381.0,PAID
189,LOAN00038,4,2022-05-27,15905.0,9476.0,25381.0,2022-05-27,25381.0,PAID
190,LOAN00038,5,2022-06-27,15905.0,9476.0,25381.0,2022-06-27,25381.0,PAID
191,LOAN00039,1,2015-12-27,17854.0,5959.0,23813.0,2015-12-27,23813.0,PAID
192,LOAN00039,2,2016-01-27,17854.0,5959.0,23813.0,2016-01-27,23813.0,PAID
193,LOAN00039,3,2016-02-27,17854.0,5959.0,23813.0,2016-02-27,23813.0,PAID
194,LOAN00039,4,2016-03-27,17854.0,5959.0,23813.0,2016-03-27,23813.0,PAID
195,LOAN00039,5,2016-04-27,17854.0,5959.0,23813.0,2016-04-27,23813.0,PAID
196,LOAN00040,1,2021-04-27,44555.0,2557.0,47112.0,2021-04-27,47112.0,PAID
197,LOAN00040,2,2021-05-27,44555.0,2557.0,47112.0,2021-05-27,47112.0,PAID
198,LOAN00040,3,2021-06-27,44555.0,2557.0,47112.0,2021-06-27,47112.0,PAID
199,LOAN00040,4,2021-07-27,44555.0,2557.0,47112.0,2021-07-27,47112.0,PAID
200,LOAN00040,5,2021-08-27,44555.0,2557.0,47112.0,2021-08-27,47112.0,PAID
201,LOAN00041,1,2024-03-27,191284.0,13074.0,204358.0,,,OVERDUE
202,LOAN00041,2,2024-04-27,191284.0,13074.0,204358.0,,,OVERDUE
203,LOAN00041,3,2024-05-27,191284.0,13074.0,204358.0,,,OVERDUE
204,LOAN00041,4,2024-06-27,191284.0,13074.0,204358.0,,,OVERDUE
205,LOAN00041,5,2024-07-27,191284.0,13074.0,204358.0,,,OVERDUE
206,LOAN00042,1,2021-10-27,391667.0,7896.0,399563.0,2021-10-27,399563.0,PAID
207,LOAN00042,2,2021-11-27,391667.0,7896.0,399563.0,2021-11-27,399563.0,PAID
208,LOAN00042,3,2021-12-27,391667.0,7896.0,399563.0,2021-12-27,399563.0,PAID
209,LOAN00042,4,2022-01-27,391667.0,7896.0,399563.0,2022-01-27,399563.0,PAID
210,LOAN00042,5,2022-02-27,391667.0,7896.0,399563.0,2022-02-27,399563.0,PAID
211,LOAN00043,1,2023-12-27,1093988.0,37024.0,1131012.0,2023-12-27,1131012.0,PAID
212,LOAN00043,2,2024-01-27,1093988.0,37024.0,1131012.0,2024-01-27,1131012.0,PAID
213,LOAN00043,3,2024-02-27,1093988.0,37024.0,1131012.0,2024-02-27,1131012.0,PAID
214,LOAN00043,4,2024-03-27,1093988.0,37024.0,1131012.0,2024-03-27,1131012.0,PAID
215,LOAN00043,5,2024-04-27,1093988.0,37024.0,1131012.0,2024-04-27,1131012.0,PAID
216,LOAN00044,1,2021-07-27,236080.0,12547.0,248627.0,2021-07-27,248627.0,PAID
217,LOAN00044,2,2021-08-27,236080.0,12547.0,248627.0,2021-08-27,248627.0,PAID
218,LOAN00044,3,2021-09-27,236080.0,12547.0,248627.0,2021-09-27,248627.0,PAID
219,LOAN00044,4,2021-10-27,236080.0,12547.0,248627.0,2021-10-27,248627.0,PAID
220,LOAN00044,5,2021-11-27,236080.0,12547.0,248627.0,2021-11-27,248627.0,PAID
221,LOAN00045,1,2023-05-27,11971.0,2877.0,14848.0,2023-05-27,14848.0,PAID
222,LOAN00045,2,2023-06-27,11971.0,2877.0,14848.0,2023-06-27,14848.0,PAID
223,LOAN00045,3,2023-07-27,11971.0,2877.0,14848.0,2023-07-27,14848.0,PAID
224,LOAN00045,4,2023-08-27,11971.0,2877.0,14848.0,2023-08-27,14848.0,PAID
225,LOAN00045,5,2023-09-27,11971.0,2877.0,14848.0,2023-09-27,14848.0,PAID
226,LOAN00046,1,2021-04-27,83776.0,26266.0,110042.0,2021-04-27,110042.0,PAID
227,LOAN00046,2,2021-05-27,83776.0,26266.0,110042.0,2021-05-27,110042.0,PAID
228,LOAN00046,3,2021-06-27,83776.0,26266.0,110042.0,2021-06-27,110042.0,PAID
229,LOAN00046,4,2021-07-27,83776.0,26266.0,110042.0,2021-07-27,110042.0,PAID
230,LOAN00046,5,2021-08-27,83776.0,26266.0,110042.0,2021-08-27,110042.0,PAID
231,LOAN00047,1,2020-08-27,41666.0,1259.0,42925.0,2020-08-27,42925.0,PAID
232,LOAN00047,2,2020-09-27,41666.0,1259.0,42925.0,2020-09-27,42925.0,PAID
233,LOAN00047,3,2020-10-27,41666.0,1259.0,42925.0,2020-10-27,42925.0,PAID
234,LOAN00047,4,2020-11-27,41666.0,1259.0,42925.0,2020-11-27,42925.0,PAID
235,LOAN00047,5,2020-12-27,41666.0,1259.0,42925.0,2020-12-27,42925.0,PAID
236,LOAN00048,1,2016-08-27,23793.0,5977.0,29770.0,2016-08-27,29770.0,PAID
237,LOAN00048,2,2016-09-27,23793.0,5977.0,29770.0,2016-09-27,29770.0,PAID
238,LOAN00048,3,2016-10-27,23793.0,5977.0,29770.0,2016-10-27,29770.0,PAID
239,LOAN00048,4,2016-11-27,23793.0,5977.0,29770.0,2016-11-27,29770.0,PAID
240,LOAN00048,5,2016-12-27,23793.0,5977.0,29770.0,2016-12-27,29770.0,PAID
241,LOAN00049,1,2016-02-27,6478.0,10652.0,17130.0,2016-02-27,17130.0,PAID
242,LOAN00049,2,2016-03-27,6478.0,10652.0,17130.0,2016-03-27,17130.0,PAID
243,LOAN00049,3,2016-04-27,6478.0,10652.0,17130.0,2016-04-27,17130.0,PAID
244,LOAN00049,4,2016-05-27,6478.0,10652.0,17130.0,2016-05-27,17130.0,PAID
245,LOAN00049,5,2016-06-27,6478.0,10652.0,17130.0,2016-06-27,17130.0,PAID
246,LOAN00050,1,2016-01-27,304527.0,63656.0,368183.0,2016-01-27,368183.0,PAID
247,LOAN00050,2,2016-02-27,304527.0,63656.0,368183.0,2016-02-27,368183.0,PAID
248,LOAN00050,3,2016-03-27,304527.0,63656.0,368183.0,2016-03-27,368183.0,PAID
249,LOAN00050,4,2016-04-27,304527.0,63656.0,368183.0,2016-04-27,368183.0,PAID
250,LOAN00050,5,2016-05-27,304527.0,63656.0,368183.0,2016-05-27,368183.0,PAID
251,LOAN00051,1,2020-10-27,258333.0,7195.0,265528.0,2020-10-27,265528.0,PAID
252,LOAN00051,2,2020-11-27,258333.0,7195.0,265528.0,2020-11-27,265528.0,PAID
253,LOAN00051,3,2020-12-27,258333.0,7195.0,265528.0,2020-12-27,265528.0,PAID
254,LOAN00051,4,2021-01-27,258333.0,7195.0,265528.0,2021-01-27,265528.0,PAID
255,LOAN00051,5,2021-02-27,258333.0,7195.0,265528.0,2021-02-27,265528.0,PAID
256,LOAN00052,1,2018-01-27,15543.0,1686.0,17229.0,2018-01-27,17229.0,PAID
257,LOAN00052,2,2018-02-27,15543.0,1686.0,17229.0,2018-02-27,17229.0,PAID
258,LOAN00052,3,2018-03-27,15543.0,1686.0,17229.0,2018-03-27,17229.0,PAID
259,LOAN00052,4,2018-04-27,15543.0,1686.0,17229.0,2018-04-27,17229.0,PAID
260,LOAN00052,5,2018-05-27,15543.0,1686.0,17229.0,2018-05-27,17229.0,PAID
261,LOAN00053,1,2022-07-27,11622.0,1756.0,13378.0,2022-07-27,13378.0,PAID
262,LOAN00053,2,2022-08-27,11622.0,1756.0,13378.0,2022-08-27,13378.0,PAID
263,LOAN00053,3,2022-09-27,11622.0,1756.0,13378.0,2022-09-27,13378.0,PAID
264,LOAN00053,4,2022-10-27,11622.0,1756.0,13378.0,2022-10-27,13378.0,PAID
265,LOAN00053,5,2022-11-27,11622.0,1756.0,13378.0,2022-11-27,13378.0,PAID
266,LOAN00054,1,2019-10-27,206874.0,121712.0,328586.0,2019-10-27,328586.0,PAID
267,LOAN00054,2,2019-11-27,206874.0,121712.0,328586.0,2019-11-27,328586.0,PAID
268,LOAN00054,3,2019-12-27,206874.0,121712.0,328586.0,2019-12-27,328586.0,PAID
269,LOAN00054,4,2020-01-27,206874.0,121712.0,328586.0,2020-01-27,328586.0,PAID
270,LOAN00054,5,2020-02-27,206874.0,121712.0,328586.0,2020-02-27,328586.0,PAID
271,LOAN00055,1,2018-12-27,43493.0,32727.0,76220.0,2018-12-27,76220.0,PAID
272,LOAN00055,2,2019-01-27,43493.0,32727.0,76220.0,2019-01-27,76220.0,PAID
273,LOAN00055,3,2019-02-27,43493.0,32727.0,76220.0,2019-02-27,76220.0,PAID
274,LOAN00055,4,2019-03-27,43493.0,32727.0,76220.0,2019-03-27,76220.0,PAID
275,LOAN00055,5,2019-04-27,43493.0,32727.0,76220.0,2019-04-27,76220.0,PAID
276,LOAN00056,1,2022-10-27,48983.0,83645.0,132628.0,2022-10-27,132628.0,PAID
277,LOAN00056,2,2022-11-27,48983.0,83645.0,132628.0,2022-11-27,132628.0,PAID
278,LOAN00056,3,2022-12-27,48983.0,83645.0,132628.0,2022-12-27,132628.0,PAID
279,LOAN00056,4,2023-01-27,48983.0,83645.0,132628.0,2023-01-27,132628.0,PAID
280,LOAN00056,5,2023-02-27,48983.0,83645.0,132628.0,2023-02-27,132628.0,PAID
281,LOAN00057,1,2026-12-27,28746.0,2714.0,31460.0,,,SCHEDULED
282,LOAN00057,2,2027-01-27,28746.0,2714.0,31460.0,,,SCHEDULED
283,LOAN00057,3,2027-02-27,28746.0,2714.0,31460.0,,,SCHEDULED
284,LOAN00057,4,2027-03-27,28746.0,2714.0,31460.0,,,SCHEDULED
285,LOAN00057,5,2027-04-27,28746.0,2714.0,31460.0,,,SCHEDULED
286,LOAN00058,1,2015-11-27,94772.0,142190.0,236962.0,2015-11-27,236962.0,PAID
287,LOAN00058,2,2015-12-27,94772.0,142190.0,236962.0,2015-12-27,236962.0,PAID
288,LOAN00058,3,2016-01-27,94772.0,142190.0,236962.0,2016-01-27,236962.0,PAID
289,LOAN00058,4,2016-02-27,94772.0,142190.0,236962.0,2016-02-27,236962.0,PAID
290,LOAN00058,5,2016-03-27,94772.0,142190.0,236962.0,2016-03-27,236962.0,PAID
291,LOAN00059,1,2019-06-27,33177.0,73438.0,106615.0,2019-06-27,106615.0,PAID
292,LOAN00059,2,2019-07-27,33177.0,73438.0,106615.0,2019-07-27,106615.0,PAID
293,LOAN00059,3,2019-08-27,33177.0,73438.0,106615.0,2019-08-27,106615.0,PAID
294,LOAN00059,4,2019-09-27,33177.0,73438.0,106615.0,2019-09-27,106615.0,PAID
295,LOAN00059,5,2019-10-27,33177.0,73438.0,106615.0,2019-10-27,106615.0,PAID
296,LOAN00060,1,2025-08-27,2082.0,1738.0,3820.0,2025-08-27,3820.0,PAID
297,LOAN00060,2,2025-09-27,2082.0,1738.0,3820.0,2025-09-27,3820.0,PAID
298,LOAN00060,3,2025-10-27,2082.0,1738.0,3820.0,2025-10-27,3820.0,PAID
299,LOAN00060,4,2025-11-27,2082.0,1738.0,3820.0,2025-11-27,3820.0,PAID
300,LOAN00060,5,2025-12-27,2082.0,1738.0,3820.0,2025-12-27,3820.0,PAID
