TRANSACTION_ID,TRANSACTION_REF,ACCOUNT_ID,TRANSACTION_DATE,VALUE_DATE,TRANSACTION_TYPE,CHANNEL,AMOUNT,CURRENCY,BALANCE_AFTER,DESCRIPTION,COUNTERPARTY_NAME,MERCHANT_ID,STATUS,POSTED_BY
1,TX20260821000001,ACC000001,2026-08-21,2026-08-21,CARD_PAYMENT,ONLINE,275000,JPY,66012000,カード決済,,MER0010,POSTED,
2,TX20260413000002,ACC000002,2026-04-13,2026-04-14,TRANSFER_OUT,MOBILE,159000,JPY,11962000,振込出金,阿部 花子,,POSTED,EMP0001
3,TX20260719000003,ACC000003,2026-07-19,2026-07-19,TRANSFER_IN,ATM,329000,JPY,13429000,振込入金,石川 太郎,,POSTED,
4,TX20260728000004,ACC000004,2026-07-28,2026-07-28,CARD_PAYMENT,BRANCH,524000,JPY,28841000,カード決済,,MER0026,POSTED,
5,TX20260802000005,ACC000005,2026-08-02,2026-08-02,INTEREST,BRANCH,3016.0,JPY,30164016.0,利息,,,POSTED,
6,TX20260820000006,ACC000006,2026-08-20,2026-08-20,TRANSFER_IN,BRANCH,777000,JPY,52488000,振込入金,林 愛,,POSTED,
7,TX20260711000007,ACC000007,2026-07-11,2026-07-11,WITHDRAWAL,MOBILE,855000,JPY,52549000,出金,,,POSTED,
8,TX20260326000008,ACC000008,2026-03-26,2026-03-26,CARD_PAYMENT,BRANCH,256000,JPY,49316000,カード決済,,MER0022,POSTED,
9,TX20260803000009,ACC000009,2026-08-03,2026-08-03,DEPOSIT,ONLINE,523000,JPY,60518000,入金,,,POSTED,
10,TX20260727000010,ACC000010,2026-07-27,2026-07-27,CARD_PAYMENT,MOBILE,455000,JPY,58305000,カード決済,,MER0004,POSTED,
11,TX20260817000011,ACC000011,2026-08-17,2026-08-17,TRANSFER_IN,MOBILE,397000,JPY,41799000,振込入金,清水 裕子,,POSTED,
12,TX20260603000012,ACC000012,2026-06-03,2026-06-04,TRANSFER_OUT,BRANCH,363000,JPY,47590000,振込出金,鈴木 太郎,,POSTED,
13,TX20260329000013,ACC000013,2026-03-29,2026-03-29,INTEREST,BRANCH,1104.0,JPY,11037104.0,利息,,,POSTED,
14,TX20260404000014,ACC000014,2026-04-04,2026-04-04,FEE,ONLINE,110,JPY,11345890,手数料,,,POSTED,
15,TX20260322000015,ACC000015,2026-03-22,2026-03-22,DEPOSIT,ONLINE,31.44,USD,52866.51,入金,,,POSTED,
16,TX20260316000016,ACC000016,2026-03-16,2026-03-16,TRANSFER_IN,ONLINE,84000,JPY,4806000,振込入金,中村 陽子,,POSTED,
17,TX20260503000017,ACC000017,2026-05-03,2026-05-04,TRANSFER_OUT,MOBILE,653000,JPY,-210000,振込出金,中村 悠斗,,POSTED,
18,TX20260607000018,ACC000019,2026-06-07,2026-06-07,TRANSFER_IN,MOBILE,722000,JPY,11822000,振込入金,橋本 太郎,,POSTED,
19,TX20260721000019,ACC000020,2026-07-21,2026-07-22,TRANSFER_OUT,ONLINE,100000,JPY,11395000,振込出金,山口 由美,,POSTED,EMP0032
20,TX20260418000020,ACC000021,2026-04-18,2026-04-18,TRANSFER_IN,ONLINE,417000,JPY,11066000,振込入金,伊藤 裕子,,POSTED,
21,TX20260825000021,ACC000022,2026-08-25,2026-08-25,TRANSFER_IN,ONLINE,767000,JPY,12312000,振込入金,加藤 大輔,,POSTED,
22,TX20260305000022,ACC000023,2026-03-05,2026-03-05,FEE,MOBILE,220,JPY,1843780,手数料,,,POSTED,
23,TX20260807000023,ACC000024,2026-08-07,2026-08-07,TRANSFER_IN,ONLINE,334.13,USD,19033.47,振込入金,木村 直樹,,POSTED,EMP0030
24,TX20260721000024,ACC000025,2026-07-21,2026-07-21,FEE,MOBILE,110,JPY,2566890,手数料,,,POSTED,
25,TX20260603000025,ACC000026,2026-06-03,2026-06-03,FEE,MOBILE,330,JPY,6550670,手数料,,,POSTED,
26,TX20260402000026,ACC000027,2026-04-02,2026-04-02,DEPOSIT,BRANCH,147000,JPY,6637000,入金,,,POSTED,
27,TX20260308000027,ACC000028,2026-03-08,2026-03-08,FEE,MOBILE,220,JPY,11642780,手数料,,,POSTED,
28,TX20260827000028,ACC000029,2026-08-27,2026-08-27,TRANSFER_IN,MOBILE,1377.11,USD,47472.68,振込入金,鈴木 彩,,POSTED,
29,TX20260422000029,ACC000030,2026-04-22,2026-04-22,INTEREST,ONLINE,130.0,JPY,1304130.0,利息,,,POSTED,
30,TX20260705000030,ACC000031,2026-07-05,2026-07-05,WITHDRAWAL,MOBILE,1603.04,USD,5898.92,出金,,,POSTED,
31,TX20260718000031,ACC000032,2026-07-18,2026-07-18,TRANSFER_IN,MOBILE,432000,JPY,8517000,振込入金,後藤 恵子,,POSTED,
32,TX20260306000032,ACC000033,2026-03-06,2026-03-06,CARD_PAYMENT,BRANCH,305000,JPY,8871000,カード決済,,MER0021,POSTED,
33,TX20260427000033,ACC000034,2026-04-27,2026-04-27,TRANSFER_IN,BRANCH,351000,JPY,5261000,振込入金,渡辺 悠斗,,POSTED,
34,TX20260718000034,ACC000035,2026-07-18,2026-07-18,CARD_PAYMENT,BRANCH,399000,JPY,2947000,カード決済,,MER0013,POSTED,
35,TX20260731000035,ACC000036,2026-07-31,2026-07-31,WITHDRAWAL,ONLINE,161000,JPY,9791000,出金,,,POSTED,EMP0013
36,TX20260702000036,ACC000037,2026-07-02,2026-07-02,WITHDRAWAL,MOBILE,523000,JPY,1920000,出金,,,POSTED,
37,TX20260518000037,ACC000038,2026-05-18,2026-05-18,INTEREST,ATM,533.0,JPY,5332533.0,利息,,,POSTED,
38,TX20260901000038,ACC000039,2026-09-01,2026-09-01,INTEREST,MOBILE,5.0,USD,47200.17,利息,,,POSTED,
39,TX20260430000039,ACC000040,2026-04-30,2026-04-30,CARD_PAYMENT,MOBILE,627000,JPY,-61000,カード決済,,MER0010,POSTED,
40,TX20260831000040,ACC000042,2026-08-31,2026-08-31,WITHDRAWAL,ATM,159000,JPY,2644000,出金,,,POSTED,
41,TX20260512000041,ACC000043,2026-05-12,2026-05-13,TRANSFER_OUT,ATM,899000,JPY,1090000,振込出金,田中 彩,,POSTED,
42,TX20260806000042,ACC000044,2026-08-06,2026-08-06,INTEREST,BRANCH,924.0,JPY,9244924.0,利息,,,POSTED,
43,TX20260604000043,ACC000045,2026-06-04,2026-06-04,CARD_PAYMENT,ONLINE,428000,JPY,6983000,カード決済,,MER0004,POSTED,EMP0009
44,TX20260329000044,ACC000046,2026-03-29,2026-03-29,WITHDRAWAL,ATM,606000,JPY,10435000,出金,,,POSTED,
45,TX20260524000045,ACC000047,2026-05-24,2026-05-24,CARD_PAYMENT,ATM,96000,JPY,5902000,カード決済,,MER0001,POSTED,
46,TX20260614000046,ACC000048,2026-06-14,2026-06-14,INTEREST,BRANCH,386.0,JPY,3858386.0,利息,,,POSTED,
47,TX20260528000047,ACC000049,2026-05-28,2026-05-28,INTEREST,ONLINE,390.0,JPY,3901390.0,利息,,,POSTED,
48,TX20260710000048,ACC000050,2026-07-10,2026-07-10,CARD_PAYMENT,BRANCH,534000,JPY,471000,カード決済,,MER0022,POSTED,
49,TX20260708000049,ACC000051,2026-07-08,2026-07-08,INTEREST,ONLINE,978.0,JPY,9779978.0,利息,,,POSTED,
50,TX20260815000050,ACC000052,2026-08-15,2026-08-15,INTEREST,MOBILE,910.0,JPY,9098910.0,利息,,,POSTED,
51,TX20260606000051,ACC000053,2026-06-06,2026-06-06,CARD_PAYMENT,MOBILE,172000,JPY,1738000,カード決済,,MER0006,POSTED,
52,TX20260803000052,ACC000054,2026-08-03,2026-08-03,CARD_PAYMENT,MOBILE,347000,JPY,8371000,カード決済,,MER0018,POSTED,
53,TX20260327000053,ACC000055,2026-03-27,2026-03-27,FEE,MOBILE,110,USD,18174.28,手数料,,,POSTED,
54,TX20260309000054,ACC000056,2026-03-09,2026-03-09,FEE,ONLINE,110,JPY,10703890,手数料,,,POSTED,
55,TX20260512000055,ACC000057,2026-05-12,2026-05-12,TRANSFER_IN,ATM,34000,JPY,7265000,振込入金,池田 彩,,POSTED,EMP0021
56,TX20260422000056,ACC000058,2026-04-22,2026-04-23,TRANSFER_OUT,ONLINE,432000,JPY,10216000,振込出金,木村 直樹,,POSTED,
57,TX20260409000057,ACC000059,2026-04-09,2026-04-09,CARD_PAYMENT,BRANCH,58000,JPY,383000,カード決済,,MER0020,POSTED,
58,TX20260714000058,ACC000060,2026-07-14,2026-07-14,WITHDRAWAL,BRANCH,284000,JPY,10434000,出金,,,POSTED,
59,TX20260717000059,ACC000061,2026-07-17,2026-07-17,TRANSFER_IN,MOBILE,897000,JPY,5152000,振込入金,井上 花子,,POSTED,
60,TX20260407000060,ACC000062,2026-04-07,2026-04-08,TRANSFER_OUT,ATM,735000,JPY,4153000,振込出金,小川 彩,,POSTED,EMP0020
61,TX20260614000061,ACC000063,2026-06-14,2026-06-14,DEPOSIT,MOBILE,543000,JPY,10530000,入金,,,POSTED,
62,TX20260504000062,ACC000064,2026-05-04,2026-05-04,DEPOSIT,MOBILE,74000,JPY,5175000,入金,,,POSTED,
63,TX20260307000063,ACC000065,2026-03-07,2026-03-07,CARD_PAYMENT,ONLINE,81000,JPY,2313000,カード決済,,MER0022,POSTED,
64,TX20260502000064,ACC000066,2026-05-02,2026-05-02,INTEREST,MOBILE,928.0,JPY,9281928.0,利息,,,POSTED,
65,TX20260808000065,ACC000067,2026-08-08,2026-08-09,TRANSFER_OUT,MOBILE,371000,JPY,8860000,振込出金,藤田 花子,,POSTED,
66,TX20260713000066,ACC000068,2026-07-13,2026-07-13,INTEREST,MOBILE,6.0,USD,59829.17,利息,,,POSTED,EMP0023
67,TX20260329000067,ACC000069,2026-03-29,2026-03-29,CARD_PAYMENT,ONLINE,804000,JPY,-6000,カード決済,,MER0030,POSTED,EMP0008
68,TX20260702000068,ACC000070,2026-07-02,2026-07-02,INTEREST,ONLINE,650.0,JPY,6495650.0,利息,,,POSTED,
69,TX20260421000069,ACC000071,2026-04-21,2026-04-21,FEE,MOBILE,110,JPY,2944890,手数料,,,POSTED,
70,TX20260307000070,ACC000072,2026-03-07,2026-03-07,INTEREST,ATM,901.0,JPY,9012901.0,利息,,,POSTED,
71,TX20260724000071,ACC000073,2026-07-24,2026-07-24,CARD_PAYMENT,MOBILE,435000,JPY,2222000,カード決済,,MER0022,POSTED,
72,TX20260409000072,ACC000074,2026-04-09,2026-04-09,CARD_PAYMENT,MOBILE,172000,JPY,9276000,カード決済,,MER0022,POSTED,
73,TX20260815000073,ACC000075,2026-08-15,2026-08-15,WITHDRAWAL,ONLINE,234000,JPY,11427000,出金,,,POSTED,
74,TX20260407000074,ACC000076,2026-04-07,2026-04-07,FEE,MOBILE,330,JPY,2196670,手数料,,,POSTED,EMP0040
75,TX20260803000075,ACC000077,2026-08-03,2026-08-03,INTEREST,MOBILE,943.0,JPY,9431943.0,利息,,,POSTED,
76,TX20260707000076,ACC000078,2026-07-07,2026-07-07,CARD_PAYMENT,BRANCH,859000,JPY,4436000,カード決済,,MER0029,POSTED,
77,TX20260725000077,ACC000079,2026-07-25,2026-07-25,DEPOSIT,ONLINE,560000,JPY,4815000,入金,,,POSTED,
78,TX20260806000078,ACC000080,2026-08-06,2026-08-07,TRANSFER_OUT,MOBILE,885000,JPY,4733000,振込出金,斎藤 拓也,,POSTED,
79,TX20260605000079,ACC000081,2026-06-05,2026-06-05,CARD_PAYMENT,MOBILE,321000,JPY,988000,カード決済,,MER0012,POSTED,
80,TX20260726000080,ACC000082,2026-07-26,2026-07-27,TRANSFER_OUT,MOBILE,749000,JPY,10683000,振込出金,後藤 誠,,POSTED,
81,TX20260419000081,ACC000083,2026-04-19,2026-04-19,WITHDRAWAL,BRANCH,711000,JPY,8309000,出金,,,POSTED,EMP0011
82,TX20260722000082,ACC000084,2026-07-22,2026-07-22,CARD_PAYMENT,MOBILE,558000,JPY,9224000,カード決済,,MER0018,POSTED,
83,TX20260524000083,ACC000085,2026-05-24,2026-05-24,DEPOSIT,ONLINE,574000,JPY,1813000,入金,,,POSTED,
84,TX20260519000084,ACC000086,2026-05-19,2026-05-19,TRANSFER_IN,BRANCH,708000,JPY,6561000,振込入金,森 由美,,POSTED,
85,TX20260516000085,ACC000087,2026-05-16,2026-05-16,DEPOSIT,ONLINE,284000,JPY,9764000,入金,,,POSTED,
86,TX20260330000086,ACC000088,2026-03-30,2026-03-30,TRANSFER_IN,ATM,847000,JPY,10749000,振込入金,山崎 浩二,,POSTED,
87,TX20260710000087,ACC000090,2026-07-10,2026-07-10,DEPOSIT,ATM,248000,JPY,7419000,入金,,,POSTED,EMP0006
88,TX20260411000088,ACC000091,2026-04-11,2026-04-11,FEE,BRANCH,220,JPY,3170780,手数料,,,POSTED,
89,TX20260817000089,ACC000092,2026-08-17,2026-08-17,DEPOSIT,ONLINE,2027.42,USD,8341.3,入金,,,POSTED,
90,TX20260507000090,ACC000093,2026-05-07,2026-05-08,TRANSFER_OUT,MOBILE,814000,JPY,6469000,振込出金,松本 太郎,,POSTED,
91,TX20260520000091,ACC000094,2026-05-20,2026-05-20,FEE,ATM,550,JPY,6460450,手数料,,,POSTED,
92,TX20260524000092,ACC000095,2026-05-24,2026-05-24,INTEREST,MOBILE,445.0,JPY,4454445.0,利息,,,POSTED,
93,TX20260823000093,ACC000096,2026-08-23,2026-08-24,TRANSFER_OUT,ONLINE,367.3,USD,18476.57,振込出金,山田 大輔,,POSTED,
94,TX20260518000094,ACC000097,2026-05-18,2026-05-18,CARD_PAYMENT,ONLINE,40000,JPY,1162000,カード決済,,MER0016,POSTED,
95,TX20260829000095,ACC000098,2026-08-29,2026-08-29,DEPOSIT,MOBILE,507000,JPY,3643000,入金,,,POSTED,
96,TX20260329000096,ACC000099,2026-03-29,2026-03-29,WITHDRAWAL,MOBILE,471000,JPY,8264000,出金,,,POSTED,
97,TX20260613000097,ACC000100,2026-06-13,2026-06-13,CARD_PAYMENT,MOBILE,548000,JPY,4892000,カード決済,,MER0008,POSTED,
98,TX20260507000098,ACC000101,2026-05-07,2026-05-07,INTEREST,ONLINE,42.0,JPY,423042.0,利息,,,POSTED,
99,TX20260531000099,ACC000102,2026-05-31,2026-05-31,WITHDRAWAL,MOBILE,410000,JPY,5169000,出金,,,POSTED,
100,TX20260418000100,ACC000103,2026-04-18,2026-04-18,FEE,ONLINE,220,USD,10617.26,手数料,,,POSTED,
101,TX20260506000101,ACC000104,2026-05-06,2026-05-06,WITHDRAWAL,BRANCH,542000,JPY,6892000,出金,,,POSTED,
102,TX20260415000102,ACC000105,2026-04-15,2026-04-15,DEPOSIT,ONLINE,476000,JPY,5389000,入金,,,POSTED,
103,TX20260430000103,ACC000106,2026-04-30,2026-04-30,CARD_PAYMENT,BRANCH,2918.38,USD,15355.38,カード決済,,MER0006,POSTED,
104,TX20260823000104,ACC000107,2026-08-23,2026-08-23,CARD_PAYMENT,MOBILE,391000,JPY,3313000,カード決済,,MER0020,POSTED,
105,TX20260419000105,ACC000108,2026-04-19,2026-04-19,WITHDRAWAL,ATM,369000,JPY,6722000,出金,,,POSTED,
106,TX20260813000106,ACC000109,2026-08-13,2026-08-13,TRANSFER_IN,MOBILE,3000,JPY,9386000,振込入金,佐々木 直樹,,POSTED,EMP0023
107,TX20260517000107,ACC000110,2026-05-17,2026-05-18,TRANSFER_OUT,BRANCH,108000,JPY,2311000,振込出金,佐々木 健一,,POSTED,
108,TX20260518000108,ACC000111,2026-05-18,2026-05-18,WITHDRAWAL,BRANCH,270000,JPY,8362000,出金,,,POSTED,EMP0017
109,TX20260808000109,ACC000113,2026-08-08,2026-08-09,TRANSFER_OUT,ONLINE,37000,JPY,11521000,振込出金,山口 花子,,POSTED,
110,TX20260331000110,ACC000114,2026-03-31,2026-04-01,TRANSFER_OUT,ONLINE,449000,JPY,1008000,振込出金,中村 由美,,POSTED,
111,TX20260425000111,ACC000115,2026-04-25,2026-04-25,TRANSFER_IN,ONLINE,491000,JPY,11080000,振込入金,前田 結衣,,POSTED,EMP0008
112,TX20260506000112,ACC000116,2026-05-06,2026-05-06,WITHDRAWAL,BRANCH,495000,JPY,3169000,出金,,,POSTED,
113,TX20260430000113,ACC000117,2026-04-30,2026-04-30,INTEREST,MOBILE,543.0,JPY,5427543.0,利息,,,POSTED,
114,TX20260611000114,ACC000118,2026-06-11,2026-06-11,FEE,ATM,110,JPY,8100890,手数料,,,POSTED,
115,TX20260426000115,ACC000119,2026-04-26,2026-04-26,FEE,ONLINE,330,JPY,4326670,手数料,,,POSTED,
116,TX20260811000116,ACC000120,2026-08-11,2026-08-12,TRANSFER_OUT,MOBILE,7000,JPY,464000,振込出金,山田 直樹,,POSTED,
117,TX20260611000117,ACC000121,2026-06-11,2026-06-11,WITHDRAWAL,MOBILE,281000,JPY,66008000,出金,,,POSTED,
118,TX20260313000118,ACC000122,2026-03-13,2026-03-14,TRANSFER_OUT,MOBILE,531000,JPY,46790000,振込出金,山本 直樹,,POSTED,
119,TX20260801000119,ACC000123,2026-08-01,2026-08-02,TRANSFER_OUT,BRANCH,132000,JPY,19520000,振込出金,田中 由美,,POSTED,EMP0029
120,TX20260629000120,ACC000124,2026-06-29,2026-06-29,CARD_PAYMENT,ONLINE,94000,JPY,36869000,カード決済,,MER0018,POSTED,
121,TX20260809000121,ACC000125,2026-08-09,2026-08-09,INTEREST,MOBILE,5676.0,JPY,56767676.0,利息,,,POSTED,
122,TX20260708000122,ACC000126,2026-07-08,2026-07-08,WITHDRAWAL,MOBILE,540000,JPY,34992000,出金,,,POSTED,
123,TX20260312000123,ACC000127,2026-03-12,2026-03-12,WITHDRAWAL,ONLINE,587000,JPY,28030000,出金,,,POSTED,
124,TX20260820000124,ACC000128,2026-08-20,2026-08-20,CARD_PAYMENT,BRANCH,169000,JPY,75811000,カード決済,,MER0014,POSTED,
125,TX20260831000125,ACC000129,2026-08-31,2026-08-31,WITHDRAWAL,MOBILE,421000,JPY,70917000,出金,,,POSTED,
126,TX20260603000126,ACC000130,2026-06-03,2026-06-03,DEPOSIT,ATM,31000,JPY,6818000,入金,,,POSTED,
127,TX20260330000127,ACC000131,2026-03-30,2026-03-30,FEE,ATM,330,JPY,59510670,手数料,,,POSTED,
128,TX20260618000128,ACC000132,2026-06-18,2026-06-18,DEPOSIT,MOBILE,485000,JPY,1815000,入金,,,POSTED,
129,TX20260427000129,ACC000133,2026-04-27,2026-04-27,DEPOSIT,ONLINE,495000,JPY,2417000,入金,,,POSTED,EMP0010
130,TX20260525000130,ACC000134,2026-05-25,2026-05-25,TRANSFER_IN,MOBILE,357000,JPY,2145000,振込入金,林 裕子,,POSTED,EMP0010
131,TX20260829000131,ACC000135,2026-08-29,2026-08-30,TRANSFER_OUT,MOBILE,648000,JPY,6164000,振込出金,小川 裕子,,POSTED,EMP0001
132,TX20260713000132,ACC000136,2026-07-13,2026-07-13,INTEREST,ONLINE,1001.0,JPY,10012001.0,利息,,,POSTED,
133,TX20260615000133,ACC000137,2026-06-15,2026-06-15,DEPOSIT,BRANCH,610000,JPY,1160000,入金,,,POSTED,EMP0016
134,TX20260705000134,ACC000138,2026-07-05,2026-07-05,FEE,ATM,550,JPY,2621450,手数料,,,POSTED,
135,TX20260318000135,ACC000139,2026-03-18,2026-03-18,CARD_PAYMENT,ATM,1019.78,USD,-241.81,カード決済,,MER0019,POSTED,EMP0001
136,TX20260720000136,ACC000140,2026-07-20,2026-07-21,TRANSFER_OUT,MOBILE,782000,JPY,4260000,振込出金,小川 さくら,,POSTED,
137,TX20260426000137,ACC000141,2026-04-26,2026-04-26,TRANSFER_IN,MOBILE,622000,JPY,6315000,振込入金,中村 結衣,,POSTED,
138,TX20260713000138,ACC000142,2026-07-13,2026-07-13,DEPOSIT,ATM,345000,JPY,4108000,入金,,,POSTED,EMP0015
139,TX20260331000139,ACC000143,2026-03-31,2026-03-31,FEE,ONLINE,330,JPY,9425670,手数料,,,POSTED,
140,TX20260815000140,ACC000144,2026-08-15,2026-08-15,FEE,MOBILE,220,JPY,2506780,手数料,,,POSTED,EMP0019
141,TX20260727000141,ACC000145,2026-07-27,2026-07-27,WITHDRAWAL,BRANCH,191000,JPY,6074000,出金,,,POSTED,
142,TX20260803000142,ACC000146,2026-08-03,2026-08-03,FEE,ONLINE,550,JPY,11502450,手数料,,,POSTED,
143,TX20260611000143,ACC000147,2026-06-11,2026-06-11,FEE,ONLINE,330,JPY,5763670,手数料,,,POSTED,
144,TX20260326000144,ACC000148,2026-03-26,2026-03-26,DEPOSIT,BRANCH,240000,JPY,11003000,入金,,,POSTED,EMP0015
145,TX20260405000145,ACC000149,2026-04-05,2026-04-05,INTEREST,BRANCH,495.0,JPY,4946495.0,利息,,,POSTED,EMP0040
146,TX20260316000146,ACC000150,2026-03-16,2026-03-16,INTEREST,ONLINE,209.0,JPY,2091209.0,利息,,,POSTED,
147,TX20260812000147,ACC000151,2026-08-12,2026-08-12,FEE,ATM,110,JPY,6998890,手数料,,,POSTED,EMP0032
148,TX20260517000148,ACC000152,2026-05-17,2026-05-18,TRANSFER_OUT,MOBILE,144000,JPY,7677000,振込出金,佐々木 悠斗,,POSTED,
149,TX20260329000149,ACC000153,2026-03-29,2026-03-29,TRANSFER_IN,ONLINE,105000,JPY,9395000,振込入金,鈴木 大輔,,POSTED,
150,TX20260709000150,ACC000154,2026-07-09,2026-07-09,FEE,ONLINE,220,JPY,5352780,手数料,,,POSTED,
151,TX20260809000151,ACC000155,2026-08-09,2026-08-09,TRANSFER_IN,MOBILE,748000,JPY,5306000,振込入金,小林 愛,,POSTED,
152,TX20260812000152,ACC000156,2026-08-12,2026-08-12,WITHDRAWAL,MOBILE,23000,JPY,8508000,出金,,,POSTED,
153,TX20260317000153,ACC000157,2026-03-17,2026-03-17,DEPOSIT,BRANCH,654000,JPY,3577000,入金,,,POSTED,
154,TX20260318000154,ACC000158,2026-03-18,2026-03-18,TRANSFER_IN,ONLINE,466000,JPY,1689000,振込入金,後藤 翔,,POSTED,EMP0013
155,TX20260421000155,ACC000159,2026-04-21,2026-04-22,TRANSFER_OUT,ONLINE,456000,JPY,9597000,振込出金,石川 健一,,POSTED,
156,TX20260830000156,ACC000160,2026-08-30,2026-08-31,TRANSFER_OUT,BRANCH,824.23,USD,2633.42,振込出金,佐々木 結衣,,POSTED,
157,TX20260816000157,ACC000161,2026-08-16,2026-08-16,INTEREST,MOBILE,201.0,JPY,2007201.0,利息,,,POSTED,
158,TX20260328000158,ACC000162,2026-03-28,2026-03-28,CARD_PAYMENT,MOBILE,288000,JPY,10618000,カード決済,,MER0020,POSTED,EMP0007
159,TX20260320000159,ACC000163,2026-03-20,2026-03-20,INTEREST,ATM,220.0,JPY,2200220.0,利息,,,POSTED,
160,TX20260612000160,ACC000164,2026-06-12,2026-06-12,FEE,ONLINE,330,JPY,11797670,手数料,,,POSTED,
161,TX20260514000161,ACC000165,2026-05-14,2026-05-14,WITHDRAWAL,MOBILE,634000,JPY,8631000,出金,,,POSTED,EMP0009
162,TX20260325000162,ACC000166,2026-03-25,2026-03-25,CARD_PAYMENT,ONLINE,791000,JPY,5292000,カード決済,,MER0014,POSTED,
163,TX20260828000163,ACC000167,2026-08-28,2026-08-28,WITHDRAWAL,ONLINE,155000,JPY,9767000,出金,,,POSTED,
164,TX20260327000164,ACC000168,2026-03-27,2026-03-27,CARD_PAYMENT,ATM,528000,JPY,2161000,カード決済,,MER0022,POSTED,
165,TX20260403000165,ACC000169,2026-04-03,2026-04-04,TRANSFER_OUT,ONLINE,101000,JPY,4879000,振込出金,小川 太郎,,POSTED,EMP0034
166,TX20260731000166,ACC000170,2026-07-31,2026-07-31,INTEREST,ONLINE,3.0,USD,26871.79,利息,,,POSTED,
167,TX20260720000167,ACC000171,2026-07-20,2026-07-20,TRANSFER_IN,MOBILE,752000,JPY,10122000,振込入金,山崎 浩二,,POSTED,EMP0015
168,TX20260415000168,ACC000172,2026-04-15,2026-04-15,CARD_PAYMENT,ATM,674000,JPY,4678000,カード決済,,MER0019,POSTED,
169,TX20260528000169,ACC000173,2026-05-28,2026-05-28,FEE,ATM,330,JPY,2418670,手数料,,,POSTED,
170,TX20260827000170,ACC000174,2026-08-27,2026-08-27,INTEREST,BRANCH,2.0,USD,17808.93,利息,,,POSTED,EMP0015
171,TX20260501000171,ACC000175,2026-05-01,2026-05-01,WITHDRAWAL,BRANCH,683000,JPY,1892000,出金,,,POSTED,
172,TX20260625000172,ACC000176,2026-06-25,2026-06-25,FEE,ATM,110,JPY,2459890,手数料,,,POSTED,
173,TX20260709000173,ACC000178,2026-07-09,2026-07-09,CARD_PAYMENT,ONLINE,574000,JPY,3971000,カード決済,,MER0010,POSTED,
174,TX20260710000174,ACC000179,2026-07-10,2026-07-10,INTEREST,BRANCH,399.0,JPY,3992399.0,利息,,,POSTED,
175,TX20260730000175,ACC000180,2026-07-30,2026-07-30,FEE,ONLINE,220,JPY,2784780,手数料,,,POSTED,EMP0039
176,TX20260504000176,ACC000181,2026-05-04,2026-05-04,WITHDRAWAL,MOBILE,460000,JPY,90000,出金,,,POSTED,
177,TX20260317000177,ACC000182,2026-03-17,2026-03-17,TRANSFER_IN,ONLINE,688000,JPY,11278000,振込入金,吉田 裕子,,POSTED,
178,TX20260411000178,ACC000183,2026-04-11,2026-04-11,DEPOSIT,ONLINE,701000,JPY,8180000,入金,,,POSTED,
179,TX20260609000179,ACC000184,2026-06-09,2026-06-10,TRANSFER_OUT,ONLINE,702000,JPY,223000,振込出金,山崎 花子,,POSTED,
180,TX20260614000180,ACC000185,2026-06-14,2026-06-14,TRANSFER_IN,ONLINE,711000,JPY,7202000,振込入金,小川 翔,,POSTED,
181,TX20260805000181,ACC000186,2026-08-05,2026-08-06,TRANSFER_OUT,ATM,412000,JPY,-90000,振込出金,森 悠斗,,POSTED,
182,TX20260620000182,ACC000187,2026-06-20,2026-06-20,INTEREST,MOBILE,437.0,JPY,4366437.0,利息,,,POSTED,
183,TX20260327000183,ACC000188,2026-03-27,2026-03-27,FEE,MOBILE,550,JPY,9075450,手数料,,,POSTED,
184,TX20260327000184,ACC000189,2026-03-27,2026-03-28,TRANSFER_OUT,MOBILE,84000,JPY,4608000,振込出金,渡辺 拓也,,POSTED,
185,TX20260711000185,ACC000190,2026-07-11,2026-07-11,FEE,ONLINE,550,JPY,5183450,手数料,,,POSTED,
186,TX20260401000186,ACC000191,2026-04-01,2026-04-01,DEPOSIT,ATM,227000,JPY,4773000,入金,,,POSTED,EMP0003
187,TX20260422000187,ACC000192,2026-04-22,2026-04-22,DEPOSIT,ONLINE,163000,JPY,9696000,入金,,,POSTED,
188,TX20260330000188,ACC000193,2026-03-30,2026-03-30,FEE,ONLINE,110,USD,55827.52,手数料,,,POSTED,
189,TX20260609000189,ACC000194,2026-06-09,2026-06-09,INTEREST,ONLINE,255.0,JPY,2551255.0,利息,,,POSTED,EMP0022
190,TX20260607000190,ACC000195,2026-06-07,2026-06-07,INTEREST,MOBILE,941.0,JPY,9407941.0,利息,,,POSTED,
191,TX20260421000191,ACC000196,2026-04-21,2026-04-21,TRANSFER_IN,ONLINE,417000,JPY,3620000,振込入金,田中 健一,,POSTED,
192,TX20260505000192,ACC000197,2026-05-05,2026-05-05,DEPOSIT,ATM,2212.64,USD,47063.49,入金,,,POSTED,
193,TX20260501000193,ACC000198,2026-05-01,2026-05-01,TRANSFER_IN,MOBILE,251000,JPY,4530000,振込入金,佐藤 陽子,,POSTED,
194,TX20260513000194,ACC000199,2026-05-13,2026-05-13,INTEREST,ONLINE,460.0,JPY,4601460.0,利息,,,POSTED,
195,TX20260509000195,ACC000200,2026-05-09,2026-05-09,CARD_PAYMENT,ONLINE,668000,JPY,10661000,カード決済,,MER0014,POSTED,
196,TX20260831000196,ACC000001,2026-08-31,2026-08-31,INTEREST,MOBILE,6601.0,JPY,66018601.0,利息,,,POSTED,
197,TX20260602000197,ACC000002,2026-06-02,2026-06-02,TRANSFER_IN,BRANCH,869000,JPY,12831000,振込入金,前田 さくら,,POSTED,EMP0014
198,TX20260809000198,ACC000003,2026-08-09,2026-08-09,WITHDRAWAL,MOBILE,339000,JPY,13090000,出金,,,POSTED,
199,TX20260506000199,ACC000004,2026-05-06,2026-05-06,INTEREST,MOBILE,2884.0,JPY,28843884.0,利息,,,POSTED,
200,TX20260824000200,ACC000005,2026-08-24,2026-08-25,TRANSFER_OUT,MOBILE,510000,JPY,29654016.0,振込出金,鈴木 彩,,POSTED,
201,TX20260730000201,ACC000006,2026-07-30,2026-07-31,TRANSFER_OUT,ATM,186000,JPY,52302000,振込出金,木村 健一,,POSTED,
202,TX20260324000202,ACC000007,2026-03-24,2026-03-24,CARD_PAYMENT,BRANCH,463000,JPY,52086000,カード決済,,MER0021,POSTED,EMP0016
203,TX20260311000203,ACC000008,2026-03-11,2026-03-11,FEE,ATM,110,JPY,49315890,手数料,,,POSTED,
204,TX20260415000204,ACC000009,2026-04-15,2026-04-16,TRANSFER_OUT,MOBILE,813000,JPY,59705000,振込出金,山本 彩,,POSTED,
205,TX20260515000205,ACC000010,2026-05-15,2026-05-16,TRANSFER_OUT,ONLINE,663000,JPY,57642000,振込出金,山崎 花子,,POSTED,
206,TX20260524000206,ACC000011,2026-05-24,2026-05-24,WITHDRAWAL,BRANCH,288000,JPY,41511000,出金,,,POSTED,
207,TX20260602000207,ACC000012,2026-06-02,2026-06-03,TRANSFER_OUT,BRANCH,563000,JPY,47027000,振込出金,後藤 愛,,POSTED,
208,TX20260509000208,ACC000013,2026-05-09,2026-05-09,WITHDRAWAL,ONLINE,794000,JPY,10243104.0,出金,,,POSTED,
209,TX20260901000209,ACC000014,2026-09-01,2026-09-01,DEPOSIT,BRANCH,898000,JPY,12243890,入金,,,POSTED,
210,TX20260419000210,ACC000015,2026-04-19,2026-04-20,TRANSFER_OUT,ATM,2291.96,USD,50574.55,振込出金,井上 浩二,,POSTED,
211,TX20260531000211,ACC000016,2026-05-31,2026-05-31,WITHDRAWAL,ONLINE,764000,JPY,4042000,出金,,,POSTED,
212,TX20260726000212,ACC000017,2026-07-26,2026-07-26,INTEREST,BRANCH,-21.0,JPY,-210021.0,利息,,,POSTED,
213,TX20260604000213,ACC000019,2026-06-04,2026-06-04,DEPOSIT,MOBILE,175000,JPY,11997000,入金,,,POSTED,EMP0025
214,TX20260817000214,ACC000020,2026-08-17,2026-08-17,FEE,BRANCH,220,JPY,11394780,手数料,,,POSTED,
215,TX20260615000215,ACC000021,2026-06-15,2026-06-15,FEE,ATM,330,JPY,11065670,手数料,,,POSTED,
216,TX20260715000216,ACC000022,2026-07-15,2026-07-15,TRANSFER_IN,ATM,21000,JPY,12333000,振込入金,鈴木 美咲,,POSTED,EMP0014
217,TX20260309000217,ACC000023,2026-03-09,2026-03-09,CARD_PAYMENT,MOBILE,184000,JPY,1659780,カード決済,,MER0009,POSTED,
218,TX20260808000218,ACC000024,2026-08-08,2026-08-08,INTEREST,ONLINE,2.0,USD,19035.47,利息,,,POSTED,EMP0024
219,TX20260720000219,ACC000025,2026-07-20,2026-07-20,INTEREST,MOBILE,257.0,JPY,2567147.0,利息,,,POSTED,
220,TX20260708000220,ACC000026,2026-07-08,2026-07-08,INTEREST,MOBILE,655.0,JPY,6551325.0,利息,,,POSTED,
221,TX20260723000221,ACC000027,2026-07-23,2026-07-23,FEE,ONLINE,330,JPY,6636670,手数料,,,POSTED,
222,TX20260510000222,ACC000028,2026-05-10,2026-05-10,DEPOSIT,ATM,573000,JPY,12215780,入金,,,POSTED,
223,TX20260830000223,ACC000029,2026-08-30,2026-08-30,WITHDRAWAL,MOBILE,2108.3,USD,45364.38,出金,,,POSTED,EMP0028
224,TX20260507000224,ACC000030,2026-05-07,2026-05-08,TRANSFER_OUT,ATM,151000,JPY,1153130.0,振込出金,阿部 大輔,,POSTED,EMP0010
225,TX20260504000225,ACC000031,2026-05-04,2026-05-05,TRANSFER_OUT,BRANCH,563.16,USD,5335.76,振込出金,山田 浩二,,POSTED,
226,TX20260628000226,ACC000032,2026-06-28,2026-06-28,FEE,ONLINE,220,JPY,8516780,手数料,,,POSTED,
227,TX20260606000227,ACC000033,2026-06-06,2026-06-06,TRANSFER_IN,ONLINE,192000,JPY,9063000,振込入金,山本 結衣,,POSTED,
228,TX20260530000228,ACC000034,2026-05-30,2026-05-30,WITHDRAWAL,BRANCH,781000,JPY,4480000,出金,,,POSTED,
229,TX20260706000229,ACC000035,2026-07-06,2026-07-07,TRANSFER_OUT,MOBILE,782000,JPY,2165000,振込出金,加藤 陽子,,POSTED,
230,TX20260514000230,ACC000036,2026-05-14,2026-05-15,TRANSFER_OUT,ONLINE,740000,JPY,9051000,振込出金,鈴木 裕子,,POSTED,EMP0002
231,TX20260817000231,ACC000037,2026-08-17,2026-08-17,TRANSFER_IN,MOBILE,559000,JPY,2479000,振込入金,阿部 彩,,POSTED,
232,TX20260329000232,ACC000038,2026-03-29,2026-03-29,TRANSFER_IN,MOBILE,215000,JPY,5547533.0,振込入金,阿部 陽子,,POSTED,EMP0004
233,TX20260617000233,ACC000039,2026-06-17,2026-06-17,CARD_PAYMENT,MOBILE,204.37,USD,46995.8,カード決済,,MER0021,POSTED,
234,TX20260406000234,ACC000040,2026-04-06,2026-04-06,WITHDRAWAL,ONLINE,395000,JPY,-456000,出金,,,POSTED,
235,TX20260817000235,ACC000042,2026-08-17,2026-08-18,TRANSFER_OUT,ATM,760000,JPY,1884000,振込出金,木村 陽子,,POSTED,
236,TX20260522000236,ACC000043,2026-05-22,2026-05-22,CARD_PAYMENT,MOBILE,387000,JPY,703000,カード決済,,MER0023,POSTED,
237,TX20260826000237,ACC000044,2026-08-26,2026-08-26,WITHDRAWAL,MOBILE,343000,JPY,8901924.0,出金,,,POSTED,
238,TX20260802000238,ACC000045,2026-08-02,2026-08-03,TRANSFER_OUT,ONLINE,222000,JPY,6761000,振込出金,池田 浩二,,POSTED,
239,TX20260720000239,ACC000046,2026-07-20,2026-07-20,DEPOSIT,ONLINE,835000,JPY,11270000,入金,,,POSTED,
240,TX20260517000240,ACC000047,2026-05-17,2026-05-18,TRANSFER_OUT,BRANCH,394000,JPY,5508000,振込出金,前田 裕子,,POSTED,EMP0017
241,TX20260505000241,ACC000048,2026-05-05,2026-05-05,DEPOSIT,ONLINE,406000,JPY,4264386.0,入金,,,POSTED,
242,TX20260709000242,ACC000049,2026-07-09,2026-07-09,INTEREST,ONLINE,390.0,JPY,3901780.0,利息,,,POSTED,
243,TX20260616000243,ACC000050,2026-06-16,2026-06-16,WITHDRAWAL,BRANCH,406000,JPY,65000,出金,,,POSTED,
244,TX20260626000244,ACC000051,2026-06-26,2026-06-27,TRANSFER_OUT,BRANCH,508000,JPY,9271978.0,振込出金,渡辺 さくら,,POSTED,
245,TX20260717000245,ACC000052,2026-07-17,2026-07-17,INTEREST,ONLINE,910.0,JPY,9099820.0,利息,,,POSTED,
246,TX20260511000246,ACC000053,2026-05-11,2026-05-11,DEPOSIT,BRANCH,429000,JPY,2167000,入金,,,POSTED,
247,TX20260425000247,ACC000054,2026-04-25,2026-04-25,FEE,BRANCH,550,JPY,8370450,手数料,,,POSTED,
248,TX20260730000248,ACC000055,2026-07-30,2026-07-30,FEE,MOBILE,550,USD,17624.28,手数料,,,POSTED,
249,TX20260728000249,ACC000056,2026-07-28,2026-07-28,WITHDRAWAL,ONLINE,147000,JPY,10556890,出金,,,POSTED,
250,TX20260706000250,ACC000057,2026-07-06,2026-07-06,WITHDRAWAL,MOBILE,355000,JPY,6910000,出金,,,POSTED,
251,TX20260618000251,ACC000058,2026-06-18,2026-06-18,FEE,BRANCH,550,JPY,10215450,手数料,,,POSTED,
252,TX20260312000252,ACC000059,2026-03-12,2026-03-12,WITHDRAWAL,MOBILE,269000,JPY,114000,出金,,,POSTED,
253,TX20260327000253,ACC000060,2026-03-27,2026-03-27,DEPOSIT,MOBILE,411000,JPY,10845000,入金,,,POSTED,
254,TX20260501000254,ACC000061,2026-05-01,2026-05-01,FEE,ONLINE,550,JPY,5151450,手数料,,,POSTED,
255,TX20260421000255,ACC000062,2026-04-21,2026-04-21,CARD_PAYMENT,BRANCH,324000,JPY,3829000,カード決済,,MER0027,POSTED,
256,TX20260710000256,ACC000063,2026-07-10,2026-07-11,TRANSFER_OUT,MOBILE,780000,JPY,9750000,振込出金,佐々木 裕子,,POSTED,
257,TX20260615000257,ACC000064,2026-06-15,2026-06-15,WITHDRAWAL,ONLINE,660000,JPY,4515000,出金,,,POSTED,
258,TX20260616000258,ACC000065,2026-06-16,2026-06-16,WITHDRAWAL,BRANCH,659000,JPY,1654000,出金,,,POSTED,
259,TX20260831000259,ACC000066,2026-08-31,2026-08-31,WITHDRAWAL,MOBILE,109000,JPY,9172928.0,出金,,,POSTED,
260,TX20260413000260,ACC000067,2026-04-13,2026-04-13,FEE,MOBILE,330,JPY,8859670,手数料,,,POSTED,
261,TX20260724000261,ACC000068,2026-07-24,2026-07-24,DEPOSIT,MOBILE,1334.29,USD,61163.46,入金,,,POSTED,
262,TX20260615000262,ACC000069,2026-06-15,2026-06-15,WITHDRAWAL,MOBILE,682000,JPY,-688000,出金,,,POSTED,EMP0031
263,TX20260317000263,ACC000070,2026-03-17,2026-03-17,INTEREST,ATM,650.0,JPY,6496300.0,利息,,,POSTED,
264,TX20260707000264,ACC000071,2026-07-07,2026-07-07,WITHDRAWAL,ONLINE,179000,JPY,2765890,出金,,,POSTED,
265,TX20260409000265,ACC000072,2026-04-09,2026-04-10,TRANSFER_OUT,BRANCH,328000,JPY,8684901.0,振込出金,加藤 美咲,,POSTED,
266,TX20260409000266,ACC000073,2026-04-09,2026-04-09,TRANSFER_IN,MOBILE,886000,JPY,3108000,振込入金,佐々木 陽子,,POSTED,
267,TX20260622000267,ACC000074,2026-06-22,2026-06-22,CARD_PAYMENT,ATM,796000,JPY,8480000,カード決済,,MER0003,POSTED,
268,TX20260308000268,ACC000075,2026-03-08,2026-03-08,FEE,BRANCH,220,JPY,11426780,手数料,,,POSTED,
269,TX20260429000269,ACC000076,2026-04-29,2026-04-29,CARD_PAYMENT,ONLINE,241000,JPY,1955670,カード決済,,MER0019,POSTED,
270,TX20260612000270,ACC000077,2026-06-12,2026-06-12,INTEREST,ONLINE,943.0,JPY,9432886.0,利息,,,POSTED,
271,TX20260313000271,ACC000078,2026-03-13,2026-03-13,TRANSFER_IN,ONLINE,783000,JPY,5219000,振込入金,前田 陽子,,POSTED,
272,TX20260721000272,ACC000079,2026-07-21,2026-07-21,WITHDRAWAL,ATM,612000,JPY,4203000,出金,,,POSTED,
273,TX20260812000273,ACC000080,2026-08-12,2026-08-12,FEE,MOBILE,550,JPY,4732450,手数料,,,POSTED,
274,TX20260322000274,ACC000081,2026-03-22,2026-03-22,INTEREST,ONLINE,99.0,JPY,988099.0,利息,,,POSTED,
275,TX20260427000275,ACC000082,2026-04-27,2026-04-27,WITHDRAWAL,MOBILE,266000,JPY,10417000,出金,,,POSTED,EMP0033
276,TX20260604000276,ACC000083,2026-06-04,2026-06-04,INTEREST,BRANCH,831.0,JPY,8309831.0,利息,,,POSTED,
277,TX20260518000277,ACC000084,2026-05-18,2026-05-18,DEPOSIT,ATM,380000,JPY,9604000,入金,,,POSTED,
278,TX20260419000278,ACC000085,2026-04-19,2026-04-20,TRANSFER_OUT,ONLINE,366000,JPY,1447000,振込出金,石川 美咲,,POSTED,
279,TX20260727000279,ACC000086,2026-07-27,2026-07-27,CARD_PAYMENT,MOBILE,253000,JPY,6308000,カード決済,,MER0007,POSTED,
280,TX20260305000280,ACC000087,2026-03-05,2026-03-05,WITHDRAWAL,ONLINE,572000,JPY,9192000,出金,,,POSTED,
281,TX20260312000281,ACC000088,2026-03-12,2026-03-12,WITHDRAWAL,ATM,868000,JPY,9881000,出金,,,POSTED,EMP0037
282,TX20260626000282,ACC000090,2026-06-26,2026-06-27,TRANSFER_OUT,MOBILE,541000,JPY,6878000,振込出金,前田 隆,,POSTED,
283,TX20260825000283,ACC000091,2026-08-25,2026-08-25,FEE,MOBILE,220,JPY,3170560,手数料,,,POSTED,
284,TX20260815000284,ACC000092,2026-08-15,2026-08-15,DEPOSIT,ONLINE,1991.99,USD,10333.29,入金,,,POSTED,
285,TX20260607000285,ACC000093,2026-06-07,2026-06-08,TRANSFER_OUT,ONLINE,506000,JPY,5963000,振込出金,石川 結衣,,POSTED,
286,TX20260721000286,ACC000094,2026-07-21,2026-07-21,WITHDRAWAL,ONLINE,486000,JPY,5974450,出金,,,POSTED,
287,TX20260515000287,ACC000095,2026-05-15,2026-05-15,FEE,ATM,550,JPY,4453895.0,手数料,,,POSTED,
288,TX20260704000288,ACC000096,2026-07-04,2026-07-04,TRANSFER_IN,MOBILE,2988.71,USD,21465.28,振込入金,橋本 大輔,,POSTED,
289,TX20260629000289,ACC000097,2026-06-29,2026-06-29,TRANSFER_IN,ONLINE,781000,JPY,1943000,振込入金,渡辺 美咲,,POSTED,EMP0015
290,TX20260430000290,ACC000098,2026-04-30,2026-04-30,FEE,MOBILE,220,JPY,3642780,手数料,,,POSTED,
291,TX20260802000291,ACC000099,2026-08-02,2026-08-02,WITHDRAWAL,ONLINE,740000,JPY,7524000,出金,,,POSTED,
292,TX20260825000292,ACC000100,2026-08-25,2026-08-26,TRANSFER_OUT,MOBILE,718000,JPY,4174000,振込出金,伊藤 拓也,,POSTED,
293,TX20260615000293,ACC000101,2026-06-15,2026-06-16,TRANSFER_OUT,ATM,116000,JPY,307042.0,振込出金,佐藤 結衣,,POSTED,
294,TX20260813000294,ACC000102,2026-08-13,2026-08-13,DEPOSIT,ONLINE,864000,JPY,6033000,入金,,,POSTED,
295,TX20260413000295,ACC000103,2026-04-13,2026-04-13,FEE,BRANCH,220,USD,10397.26,手数料,,,POSTED,
296,TX20260827000296,ACC000104,2026-08-27,2026-08-27,WITHDRAWAL,ONLINE,416000,JPY,6476000,出金,,,POSTED,
297,TX20260402000297,ACC000105,2026-04-02,2026-04-02,INTEREST,ONLINE,539.0,JPY,5389539.0,利息,,,POSTED,EMP0029
298,TX20260316000298,ACC000106,2026-03-16,2026-03-16,WITHDRAWAL,ONLINE,2350.69,USD,13004.69,出金,,,POSTED,
299,TX20260709000299,ACC000107,2026-07-09,2026-07-09,FEE,MOBILE,220,JPY,3312780,手数料,,,POSTED,
300,TX20260812000300,ACC000108,2026-08-12,2026-08-12,INTEREST,MOBILE,672.0,JPY,6722672.0,利息,,,POSTED,
301,TX20260630000301,ACC000109,2026-06-30,2026-06-30,DEPOSIT,ONLINE,27000,JPY,9413000,入金,,,POSTED,EMP0018
302,TX20260831000302,ACC000110,2026-08-31,2026-08-31,INTEREST,ONLINE,231.0,JPY,2311231.0,利息,,,POSTED,
303,TX20260331000303,ACC000111,2026-03-31,2026-03-31,WITHDRAWAL,BRANCH,589000,JPY,7773000,出金,,,POSTED,EMP0013
304,TX20260517000304,ACC000113,2026-05-17,2026-05-17,CARD_PAYMENT,ONLINE,846000,JPY,10675000,カード決済,,MER0009,POSTED,EMP0020
305,TX20260608000305,ACC000114,2026-06-08,2026-06-08,DEPOSIT,BRANCH,14000,JPY,1022000,入金,,,POSTED,
306,TX20260310000306,ACC000115,2026-03-10,2026-03-10,FEE,MOBILE,110,JPY,11079890,手数料,,,POSTED,
307,TX20260430000307,ACC000116,2026-04-30,2026-04-30,INTEREST,ONLINE,317.0,JPY,3169317.0,利息,,,POSTED,
308,TX20260526000308,ACC000117,2026-05-26,2026-05-27,TRANSFER_OUT,ONLINE,384000,JPY,5043543.0,振込出金,山田 結衣,,POSTED,
309,TX20260420000309,ACC000118,2026-04-20,2026-04-20,DEPOSIT,ONLINE,198000,JPY,8298890,入金,,,POSTED,
310,TX20260324000310,ACC000119,2026-03-24,2026-03-24,CARD_PAYMENT,MOBILE,456000,JPY,3870670,カード決済,,MER0015,POSTED,EMP0040
311,TX20260721000311,ACC000120,2026-07-21,2026-07-21,DEPOSIT,ONLINE,431000,JPY,895000,入金,,,POSTED,EMP0037
312,TX20260801000312,ACC000121,2026-08-01,2026-08-01,INTEREST,ONLINE,6601.0,JPY,66014601.0,利息,,,POSTED,EMP0031
313,TX20260606000313,ACC000122,2026-06-06,2026-06-06,WITHDRAWAL,BRANCH,601000,JPY,46189000,出金,,,POSTED,
314,TX20260417000314,ACC000123,2026-04-17,2026-04-17,CARD_PAYMENT,ONLINE,124000,JPY,19396000,カード決済,,MER0013,POSTED,
315,TX20260402000315,ACC000124,2026-04-02,2026-04-02,CARD_PAYMENT,MOBILE,893000,JPY,35976000,カード決済,,MER0023,POSTED,
316,TX20260420000316,ACC000125,2026-04-20,2026-04-20,WITHDRAWAL,MOBILE,136000,JPY,56631676.0,出金,,,POSTED,
317,TX20260807000317,ACC000126,2026-08-07,2026-08-07,CARD_PAYMENT,ONLINE,678000,JPY,34314000,カード決済,,MER0021,POSTED,
318,TX20260521000318,ACC000127,2026-05-21,2026-05-21,TRANSFER_IN,MOBILE,460000,JPY,28490000,振込入金,井上 彩,,POSTED,
319,TX20260528000319,ACC000128,2026-05-28,2026-05-29,TRANSFER_OUT,BRANCH,240000,JPY,75571000,振込出金,松本 由美,,POSTED,
320,TX20260516000320,ACC000129,2026-05-16,2026-05-16,TRANSFER_IN,MOBILE,356000,JPY,71273000,振込入金,渡辺 美咲,,POSTED,
321,TX20260810000321,ACC000130,2026-08-10,2026-08-10,INTEREST,ONLINE,682.0,JPY,6818682.0,利息,,,POSTED,EMP0034
322,TX20260310000322,ACC000131,2026-03-10,2026-03-10,TRANSFER_IN,ONLINE,488000,JPY,59998670,振込入金,山崎 美咲,,POSTED,
323,TX20260619000323,ACC000132,2026-06-19,2026-06-19,FEE,MOBILE,110,JPY,1814890,手数料,,,POSTED,
324,TX20260831000324,ACC000133,2026-08-31,2026-08-31,INTEREST,BRANCH,242.0,JPY,2417242.0,利息,,,POSTED,
325,TX20260305000325,ACC000134,2026-03-05,2026-03-05,FEE,ATM,550,JPY,2144450,手数料,,,POSTED,
326,TX20260824000326,ACC000135,2026-08-24,2026-08-24,INTEREST,ONLINE,616.0,JPY,6164616.0,利息,,,POSTED,EMP0038
327,TX20260510000327,ACC000136,2026-05-10,2026-05-10,CARD_PAYMENT,ATM,467000,JPY,9545001.0,カード決済,,MER0008,POSTED,EMP0030
328,TX20260607000328,ACC000137,2026-06-07,2026-06-08,TRANSFER_OUT,ONLINE,74000,JPY,1086000,振込出金,山田 さくら,,POSTED,
329,TX20260806000329,ACC000138,2026-08-06,2026-08-06,TRANSFER_IN,BRANCH,249000,JPY,2870450,振込入金,佐藤 結衣,,POSTED,
330,TX20260324000330,ACC000139,2026-03-24,2026-03-24,DEPOSIT,ATM,914.53,USD,672.72,入金,,,POSTED,
331,TX20260609000331,ACC000140,2026-06-09,2026-06-09,TRANSFER_IN,BRANCH,311000,JPY,4571000,振込入金,阿部 翔,,POSTED,
332,TX20260407000332,ACC000141,2026-04-07,2026-04-08,TRANSFER_OUT,MOBILE,633000,JPY,5682000,振込出金,吉田 浩二,,POSTED,EMP0018
333,TX20260503000333,ACC000142,2026-05-03,2026-05-03,CARD_PAYMENT,ONLINE,54000,JPY,4054000,カード決済,,MER0004,POSTED,
334,TX20260619000334,ACC000143,2026-06-19,2026-06-19,INTEREST,BRANCH,943.0,JPY,9426613.0,利息,,,POSTED,
335,TX20260426000335,ACC000144,2026-04-26,2026-04-27,TRANSFER_OUT,MOBILE,345000,JPY,2161780,振込出金,山田 恵子,,POSTED,
336,TX20260820000336,ACC000145,2026-08-20,2026-08-20,TRANSFER_IN,ATM,625000,JPY,6699000,振込入金,伊藤 さくら,,POSTED,EMP0023
337,TX20260808000337,ACC000146,2026-08-08,2026-08-08,INTEREST,MOBILE,1150.0,JPY,11503600.0,利息,,,POSTED,EMP0001
338,TX20260704000338,ACC000147,2026-07-04,2026-07-04,DEPOSIT,ONLINE,330000,JPY,6093670,入金,,,POSTED,
339,TX20260531000339,ACC000148,2026-05-31,2026-06-01,TRANSFER_OUT,BRANCH,507000,JPY,10496000,振込出金,吉田 裕子,,POSTED,
340,TX20260327000340,ACC000149,2026-03-27,2026-03-28,TRANSFER_OUT,ATM,389000,JPY,4557495.0,振込出金,伊藤 陽子,,POSTED,
341,TX20260516000341,ACC000150,2026-05-16,2026-05-16,CARD_PAYMENT,ATM,64000,JPY,2027209.0,カード決済,,MER0002,POSTED,
342,TX20260709000342,ACC000151,2026-07-09,2026-07-09,TRANSFER_IN,MOBILE,233000,JPY,7231890,振込入金,清水 さくら,,POSTED,
343,TX20260608000343,ACC000152,2026-06-08,2026-06-08,TRANSFER_IN,ONLINE,506000,JPY,8183000,振込入金,森 浩二,,POSTED,
344,TX20260815000344,ACC000153,2026-08-15,2026-08-15,DEPOSIT,ONLINE,472000,JPY,9867000,入金,,,POSTED,EMP0034
345,TX20260704000345,ACC000154,2026-07-04,2026-07-04,INTEREST,BRANCH,535.0,JPY,5353315.0,利息,,,POSTED,
346,TX20260715000346,ACC000155,2026-07-15,2026-07-15,CARD_PAYMENT,BRANCH,141000,JPY,5165000,カード決済,,MER0024,POSTED,
347,TX20260416000347,ACC000156,2026-04-16,2026-04-16,WITHDRAWAL,ATM,504000,JPY,8004000,出金,,,POSTED,
348,TX20260528000348,ACC000157,2026-05-28,2026-05-28,CARD_PAYMENT,MOBILE,393000,JPY,3184000,カード決済,,MER0011,POSTED,EMP0029
349,TX20260525000349,ACC000158,2026-05-25,2026-05-25,DEPOSIT,MOBILE,460000,JPY,2149000,入金,,,POSTED,
350,TX20260629000350,ACC000159,2026-06-29,2026-06-29,TRANSFER_IN,ATM,840000,JPY,10437000,振込入金,井上 彩,,POSTED,
351,TX20260424000351,ACC000160,2026-04-24,2026-04-24,WITHDRAWAL,MOBILE,2060.51,USD,572.91,出金,,,POSTED,
352,TX20260515000352,ACC000161,2026-05-15,2026-05-15,INTEREST,ONLINE,201.0,JPY,2007402.0,利息,,,POSTED,
353,TX20260318000353,ACC000162,2026-03-18,2026-03-18,CARD_PAYMENT,MOBILE,498000,JPY,10120000,カード決済,,MER0002,POSTED,
354,TX20260830000354,ACC000163,2026-08-30,2026-08-30,TRANSFER_IN,MOBILE,186000,JPY,2386220.0,振込入金,阿部 拓也,,POSTED,
355,TX20260609000355,ACC000164,2026-06-09,2026-06-09,WITHDRAWAL,ONLINE,371000,JPY,11426670,出金,,,POSTED,
356,TX20260420000356,ACC000165,2026-04-20,2026-04-20,WITHDRAWAL,ONLINE,254000,JPY,8377000,出金,,,POSTED,
357,TX20260602000357,ACC000166,2026-06-02,2026-06-02,CARD_PAYMENT,ONLINE,848000,JPY,4444000,カード決済,,MER0004,POSTED,
358,TX20260621000358,ACC000167,2026-06-21,2026-06-21,TRANSFER_IN,ONLINE,502000,JPY,10269000,振込入金,木村 拓也,,POSTED,
359,TX20260823000359,ACC000168,2026-08-23,2026-08-23,INTEREST,MOBILE,216.0,JPY,2161216.0,利息,,,POSTED,
360,TX20260830000360,ACC000169,2026-08-30,2026-08-31,TRANSFER_OUT,BRANCH,760000,JPY,4119000,振込出金,小川 健一,,POSTED,EMP0011
361,TX20260313000361,ACC000170,2026-03-13,2026-03-13,DEPOSIT,BRANCH,2334.06,USD,29205.85,入金,,,POSTED,
362,TX20260715000362,ACC000171,2026-07-15,2026-07-15,TRANSFER_IN,BRANCH,178000,JPY,10300000,振込入金,加藤 さくら,,POSTED,
363,TX20260816000363,ACC000172,2026-08-16,2026-08-16,WITHDRAWAL,ATM,849000,JPY,3829000,出金,,,POSTED,
364,TX20260630000364,ACC000173,2026-06-30,2026-06-30,WITHDRAWAL,ATM,223000,JPY,2195670,出金,,,POSTED,
365,TX20260825000365,ACC000174,2026-08-25,2026-08-25,INTEREST,ONLINE,2.0,USD,17810.93,利息,,,POSTED,
366,TX20260630000366,ACC000175,2026-06-30,2026-06-30,CARD_PAYMENT,MOBILE,321000,JPY,1571000,カード決済,,MER0025,POSTED,
367,TX20260507000367,ACC000176,2026-05-07,2026-05-07,TRANSFER_IN,ONLINE,611000,JPY,3070890,振込入金,森 結衣,,POSTED,EMP0028
368,TX20260306000368,ACC000178,2026-03-06,2026-03-06,FEE,BRANCH,330,JPY,3970670,手数料,,,POSTED,
369,TX20260411000369,ACC000179,2026-04-11,2026-04-11,DEPOSIT,BRANCH,168000,JPY,4160399.0,入金,,,POSTED,EMP0012
370,TX20260819000370,ACC000180,2026-08-19,2026-08-19,WITHDRAWAL,MOBILE,632000,JPY,2152780,出金,,,POSTED,EMP0012
371,TX20260829000371,ACC000181,2026-08-29,2026-08-29,CARD_PAYMENT,MOBILE,779000,JPY,-689000,カード決済,,MER0015,POSTED,
372,TX20260505000372,ACC000182,2026-05-05,2026-05-06,TRANSFER_OUT,MOBILE,822000,JPY,10456000,振込出金,森 誠,,POSTED,EMP0020
373,TX20260901000373,ACC000183,2026-09-01,2026-09-01,DEPOSIT,MOBILE,386000,JPY,8566000,入金,,,POSTED,EMP0038
374,TX20260806000374,ACC000184,2026-08-06,2026-08-06,CARD_PAYMENT,ONLINE,48000,JPY,175000,カード決済,,MER0017,POSTED,
375,TX20260526000375,ACC000185,2026-05-26,2026-05-26,TRANSFER_IN,BRANCH,33000,JPY,7235000,振込入金,高橋 翔,,POSTED,EMP0010
376,TX20260613000376,ACC000186,2026-06-13,2026-06-13,TRANSFER_IN,BRANCH,352000,JPY,262000,振込入金,斎藤 結衣,,POSTED,
377,TX20260624000377,ACC000187,2026-06-24,2026-06-24,DEPOSIT,ONLINE,506000,JPY,4872437.0,入金,,,POSTED,
378,TX20260819000378,ACC000188,2026-08-19,2026-08-19,TRANSFER_IN,BRANCH,209000,JPY,9284450,振込入金,松本 裕子,,POSTED,
379,TX20260325000379,ACC000189,2026-03-25,2026-03-25,DEPOSIT,BRANCH,691000,JPY,5299000,入金,,,POSTED,
380,TX20260415000380,ACC000190,2026-04-15,2026-04-15,FEE,MOBILE,220,JPY,5183230,手数料,,,POSTED,
381,TX20260621000381,ACC000191,2026-06-21,2026-06-21,INTEREST,BRANCH,477.0,JPY,4773477.0,利息,,,POSTED,
382,TX20260602000382,ACC000192,2026-06-02,2026-06-02,TRANSFER_IN,BRANCH,420000,JPY,10116000,振込入金,田中 花子,,POSTED,
383,TX20260709000383,ACC000193,2026-07-09,2026-07-09,WITHDRAWAL,ONLINE,2394.76,USD,53432.76,出金,,,POSTED,
384,TX20260829000384,ACC000194,2026-08-29,2026-08-29,INTEREST,ONLINE,255.0,JPY,2551510.0,利息,,,POSTED,
385,TX20260429000385,ACC000195,2026-04-29,2026-04-29,FEE,ATM,330,JPY,9407611.0,手数料,,,POSTED,
386,TX20260326000386,ACC000196,2026-03-26,2026-03-26,FEE,BRANCH,330,JPY,3619670,手数料,,,POSTED,
387,TX20260409000387,ACC000197,2026-04-09,2026-04-09,CARD_PAYMENT,MOBILE,2216.79,USD,44846.7,カード決済,,MER0030,POSTED,EMP0016
388,TX20260318000388,ACC000198,2026-03-18,2026-03-18,INTEREST,MOBILE,453.0,JPY,4530453.0,利息,,,POSTED,
389,TX20260514000389,ACC000199,2026-05-14,2026-05-14,WITHDRAWAL,ONLINE,680000,JPY,3921460.0,出金,,,POSTED,
390,TX20260614000390,ACC000200,2026-06-14,2026-06-14,FEE,ONLINE,330,JPY,10660670,手数料,,,POSTED,
391,TX20260421000391,ACC000001,2026-04-21,2026-04-22,TRANSFER_OUT,ATM,521000,JPY,65497601.0,振込出金,山本 健一,,POSTED,
392,TX20260807000392,ACC000002,2026-08-07,2026-08-07,WITHDRAWAL,MOBILE,365000,JPY,12466000,出金,,,POSTED,EMP0004
393,TX20260501000393,ACC000003,2026-05-01,2026-05-01,CARD_PAYMENT,MOBILE,531000,JPY,12559000,カード決済,,MER0027,POSTED,EMP0022
394,TX20260727000394,ACC000004,2026-07-27,2026-07-27,WITHDRAWAL,MOBILE,778000,JPY,28065884.0,出金,,,POSTED,
395,TX20260413000395,ACC000005,2026-04-13,2026-04-14,TRANSFER_OUT,BRANCH,426000,JPY,29228016.0,振込出金,伊藤 結衣,,POSTED,
396,TX20260529000396,ACC000006,2026-05-29,2026-05-30,TRANSFER_OUT,MOBILE,109000,JPY,52193000,振込出金,斎藤 陽子,,POSTED,
397,TX20260805000397,ACC000007,2026-08-05,2026-08-05,FEE,MOBILE,330,JPY,52085670,手数料,,,POSTED,EMP0007
398,TX20260828000398,ACC000008,2026-08-28,2026-08-28,DEPOSIT,ONLINE,228000,JPY,49543890,入金,,,POSTED,EMP0040
399,TX20260726000399,ACC000009,2026-07-26,2026-07-26,DEPOSIT,ONLINE,552000,JPY,60257000,入金,,,POSTED,EMP0018
400,TX20260329000400,ACC000010,2026-03-29,2026-03-30,TRANSFER_OUT,ATM,522000,JPY,57120000,振込出金,山本 悠斗,,POSTED,
401,TX20260309000401,ACC000011,2026-03-09,2026-03-09,DEPOSIT,ONLINE,183000,JPY,41694000,入金,,,POSTED,
402,TX20260428000402,ACC000012,2026-04-28,2026-04-28,DEPOSIT,MOBILE,107000,JPY,47134000,入金,,,POSTED,
403,TX20260717000403,ACC000013,2026-07-17,2026-07-17,FEE,ONLINE,110,JPY,10242994.0,手数料,,,POSTED,
404,TX20260329000404,ACC000014,2026-03-29,2026-03-30,TRANSFER_OUT,ATM,246000,JPY,11997890,振込出金,石川 陽子,,POSTED,
405,TX20260322000405,ACC000015,2026-03-22,2026-03-23,TRANSFER_OUT,BRANCH,1498.56,USD,49075.99,振込出金,小川 隆,,POSTED,
406,TX20260818000406,ACC000016,2026-08-18,2026-08-18,TRANSFER_IN,ONLINE,399000,JPY,4441000,振込入金,斎藤 拓也,,POSTED,
407,TX20260513000407,ACC000017,2026-05-13,2026-05-13,WITHDRAWAL,MOBILE,556000,JPY,-766021.0,出金,,,POSTED,
408,TX20260722000408,ACC000019,2026-07-22,2026-07-23,TRANSFER_OUT,MOBILE,770000,JPY,11227000,振込出金,山本 直樹,,POSTED,
409,TX20260703000409,ACC000020,2026-07-03,2026-07-03,INTEREST,ONLINE,1139.0,JPY,11395919.0,利息,,,POSTED,
410,TX20260812000410,ACC000021,2026-08-12,2026-08-13,TRANSFER_OUT,BRANCH,663000,JPY,10402670,振込出金,藤田 結衣,,POSTED,
411,TX20260507000411,ACC000022,2026-05-07,2026-05-07,INTEREST,ONLINE,1233.0,JPY,12334233.0,利息,,,POSTED,
412,TX20260513000412,ACC000023,2026-05-13,2026-05-14,TRANSFER_OUT,MOBILE,21000,JPY,1638780,振込出金,佐藤 愛,,POSTED,
413,TX20260602000413,ACC000024,2026-06-02,2026-06-02,CARD_PAYMENT,MOBILE,1886.81,USD,17148.66,カード決済,,MER0028,POSTED,
414,TX20260724000414,ACC000025,2026-07-24,2026-07-24,CARD_PAYMENT,ONLINE,512000,JPY,2055147.0,カード決済,,MER0004,POSTED,
415,TX20260901000415,ACC000026,2026-09-01,2026-09-01,INTEREST,BRANCH,655.0,JPY,6551980.0,利息,,,POSTED,EMP0027
416,TX20260630000416,ACC000027,2026-06-30,2026-06-30,TRANSFER_IN,ATM,125000,JPY,6761670,振込入金,木村 隆,,POSTED,
417,TX20260702000417,ACC000028,2026-07-02,2026-07-03,TRANSFER_OUT,MOBILE,371000,JPY,11844780,振込出金,林 大輔,,POSTED,
418,TX20260618000418,ACC000029,2026-06-18,2026-06-18,WITHDRAWAL,ONLINE,2103.54,USD,43260.84,出金,,,POSTED,
419,TX20260629000419,ACC000030,2026-06-29,2026-06-29,DEPOSIT,MOBILE,165000,JPY,1318130.0,入金,,,POSTED,EMP0022
420,TX20260531000420,ACC000031,2026-05-31,2026-05-31,INTEREST,ONLINE,1.0,USD,5336.76,利息,,,POSTED,
421,TX20260828000421,ACC000032,2026-08-28,2026-08-28,CARD_PAYMENT,ATM,626000,JPY,7890780,カード決済,,MER0008,POSTED,
422,TX20260714000422,ACC000033,2026-07-14,2026-07-14,DEPOSIT,ONLINE,393000,JPY,9456000,入金,,,POSTED,
423,TX20260421000423,ACC000034,2026-04-21,2026-04-21,TRANSFER_IN,ATM,705000,JPY,5185000,振込入金,高橋 彩,,POSTED,
424,TX20260411000424,ACC000035,2026-04-11,2026-04-11,DEPOSIT,ONLINE,761000,JPY,2926000,入金,,,POSTED,
425,TX20260531000425,ACC000036,2026-05-31,2026-05-31,CARD_PAYMENT,ONLINE,840000,JPY,8211000,カード決済,,MER0007,POSTED,
426,TX20260621000426,ACC000037,2026-06-21,2026-06-21,WITHDRAWAL,MOBILE,845000,JPY,1634000,出金,,,POSTED,
427,TX20260403000427,ACC000038,2026-04-03,2026-04-03,WITHDRAWAL,ONLINE,21000,JPY,5526533.0,出金,,,POSTED,
428,TX20260526000428,ACC000039,2026-05-26,2026-05-26,INTEREST,ONLINE,5.0,USD,47000.8,利息,,,POSTED,EMP0004
429,TX20260427000429,ACC000040,2026-04-27,2026-04-27,CARD_PAYMENT,ATM,32000,JPY,-488000,カード決済,,MER0011,POSTED,
430,TX20260901000430,ACC000042,2026-09-01,2026-09-01,TRANSFER_IN,ONLINE,544000,JPY,2428000,振込入金,前田 花子,,POSTED,
431,TX20260702000431,ACC000043,2026-07-02,2026-07-02,TRANSFER_IN,MOBILE,869000,JPY,1572000,振込入金,森 健一,,POSTED,
432,TX20260616000432,ACC000044,2026-06-16,2026-06-17,TRANSFER_OUT,ONLINE,303000,JPY,8598924.0,振込出金,井上 愛,,POSTED,
433,TX20260801000433,ACC000045,2026-08-01,2026-08-02,TRANSFER_OUT,ATM,236000,JPY,6525000,振込出金,斎藤 拓也,,POSTED,
434,TX20260718000434,ACC000046,2026-07-18,2026-07-18,INTEREST,ATM,1127.0,JPY,11271127.0,利息,,,POSTED,EMP0008
435,TX20260616000435,ACC000047,2026-06-16,2026-06-16,TRANSFER_IN,MOBILE,11000,JPY,5519000,振込入金,池田 彩,,POSTED,
436,TX20260706000436,ACC000048,2026-07-06,2026-07-06,WITHDRAWAL,MOBILE,279000,JPY,3985386.0,出金,,,POSTED,
437,TX20260524000437,ACC000049,2026-05-24,2026-05-24,DEPOSIT,BRANCH,424000,JPY,4325780.0,入金,,,POSTED,EMP0029
438,TX20260310000438,ACC000050,2026-03-10,2026-03-10,TRANSFER_IN,BRANCH,781000,JPY,846000,振込入金,清水 結衣,,POSTED,
439,TX20260427000439,ACC000051,2026-04-27,2026-04-27,WITHDRAWAL,ONLINE,811000,JPY,8460978.0,出金,,,POSTED,
440,TX20260710000440,ACC000052,2026-07-10,2026-07-11,TRANSFER_OUT,ONLINE,533000,JPY,8566820.0,振込出金,後藤 裕子,,POSTED,
441,TX20260406000441,ACC000053,2026-04-06,2026-04-06,DEPOSIT,MOBILE,520000,JPY,2687000,入金,,,POSTED,
442,TX20260722000442,ACC000054,2026-07-22,2026-07-23,TRANSFER_OUT,ONLINE,800000,JPY,7570450,振込出金,田中 健一,,POSTED,
443,TX20260713000443,ACC000055,2026-07-13,2026-07-13,FEE,ATM,110,USD,17514.28,手数料,,,POSTED,
444,TX20260728000444,ACC000056,2026-07-28,2026-07-28,CARD_PAYMENT,ONLINE,397000,JPY,10159890,カード決済,,MER0024,POSTED,
445,TX20260422000445,ACC000057,2026-04-22,2026-04-22,DEPOSIT,MOBILE,422000,JPY,7332000,入金,,,POSTED,
446,TX20260602000446,ACC000058,2026-06-02,2026-06-02,INTEREST,ONLINE,1022.0,JPY,10216472.0,利息,,,POSTED,
447,TX20260421000447,ACC000059,2026-04-21,2026-04-21,WITHDRAWAL,MOBILE,586000,JPY,-472000,出金,,,POSTED,
448,TX20260527000448,ACC000060,2026-05-27,2026-05-27,INTEREST,ONLINE,1084.0,JPY,10846084.0,利息,,,POSTED,
449,TX20260320000449,ACC000061,2026-03-20,2026-03-20,WITHDRAWAL,MOBILE,44000,JPY,5107450,出金,,,POSTED,
450,TX20260528000450,ACC000062,2026-05-28,2026-05-29,TRANSFER_OUT,ATM,20000,JPY,3809000,振込出金,石川 花子,,POSTED,EMP0002
451,TX20260620000451,ACC000063,2026-06-20,2026-06-20,TRANSFER_IN,BRANCH,494000,JPY,10244000,振込入金,小川 浩二,,POSTED,
452,TX20260801000452,ACC000064,2026-08-01,2026-08-01,TRANSFER_IN,ATM,861000,JPY,5376000,振込入金,森 愛,,POSTED,
453,TX20260702000453,ACC000065,2026-07-02,2026-07-02,TRANSFER_IN,ATM,697000,JPY,2351000,振込入金,山田 直樹,,POSTED,
454,TX20260730000454,ACC000066,2026-07-30,2026-07-30,WITHDRAWAL,ONLINE,819000,JPY,8353928.0,出金,,,POSTED,
455,TX20260610000455,ACC000067,2026-06-10,2026-06-11,TRANSFER_OUT,BRANCH,686000,JPY,8173670,振込出金,中村 彩,,POSTED,
456,TX20260426000456,ACC000068,2026-04-26,2026-04-26,CARD_PAYMENT,ATM,195.39,USD,60968.07,カード決済,,MER0024,POSTED,
457,TX20260816000457,ACC000069,2026-08-16,2026-08-16,INTEREST,ONLINE,-69.0,JPY,-688069.0,利息,,,POSTED,EMP0006
458,TX20260421000458,ACC000070,2026-04-21,2026-04-21,INTEREST,MOBILE,650.0,JPY,6496950.0,利息,,,POSTED,
459,TX20260611000459,ACC000071,2026-06-11,2026-06-11,FEE,MOBILE,220,JPY,2765670,手数料,,,POSTED,
460,TX20260413000460,ACC000072,2026-04-13,2026-04-13,TRANSFER_IN,MOBILE,120000,JPY,8804901.0,振込入金,伊藤 さくら,,POSTED,EMP0015
461,TX20260620000461,ACC000073,2026-06-20,2026-06-20,INTEREST,BRANCH,311.0,JPY,3108311.0,利息,,,POSTED,
462,TX20260613000462,ACC000074,2026-06-13,2026-06-13,INTEREST,MOBILE,848.0,JPY,8480848.0,利息,,,POSTED,EMP0022
463,TX20260524000463,ACC000075,2026-05-24,2026-05-24,WITHDRAWAL,ONLINE,705000,JPY,10721780,出金,,,POSTED,
464,TX20260523000464,ACC000076,2026-05-23,2026-05-24,TRANSFER_OUT,BRANCH,407000,JPY,1548670,振込出金,藤田 愛,,POSTED,
465,TX20260713000465,ACC000077,2026-07-13,2026-07-13,TRANSFER_IN,ATM,634000,JPY,10066886.0,振込入金,田中 健一,,POSTED,
466,TX20260518000466,ACC000078,2026-05-18,2026-05-18,CARD_PAYMENT,MOBILE,172000,JPY,5047000,カード決済,,MER0011,POSTED,
467,TX20260806000467,ACC000079,2026-08-06,2026-08-06,INTEREST,ATM,420.0,JPY,4203420.0,利息,,,POSTED,EMP0015
468,TX20260407000468,ACC000080,2026-04-07,2026-04-07,CARD_PAYMENT,ONLINE,831000,JPY,3901450,カード決済,,MER0028,POSTED,
469,TX20260703000469,ACC000081,2026-07-03,2026-07-03,TRANSFER_IN,MOBILE,712000,JPY,1700099.0,振込入金,渡辺 悠斗,,POSTED,EMP0013
470,TX20260630000470,ACC000082,2026-06-30,2026-06-30,DEPOSIT,MOBILE,577000,JPY,10994000,入金,,,POSTED,EMP0032
471,TX20260814000471,ACC000083,2026-08-14,2026-08-14,INTEREST,ONLINE,831.0,JPY,8310662.0,利息,,,POSTED,
472,TX20260523000472,ACC000084,2026-05-23,2026-05-23,CARD_PAYMENT,ONLINE,601000,JPY,9003000,カード決済,,MER0007,POSTED,
473,TX20260624000473,ACC000085,2026-06-24,2026-06-24,FEE,ONLINE,330,JPY,1446670,手数料,,,POSTED,
474,TX20260601000474,ACC000086,2026-06-01,2026-06-01,INTEREST,ONLINE,631.0,JPY,6308631.0,利息,,,POSTED,
475,TX20260512000475,ACC000087,2026-05-12,2026-05-12,INTEREST,ATM,919.0,JPY,9192919.0,利息,,,POSTED,
476,TX20260824000476,ACC000088,2026-08-24,2026-08-24,TRANSFER_IN,ONLINE,855000,JPY,10736000,振込入金,森 裕子,,POSTED,
477,TX20260722000477,ACC000090,2026-07-22,2026-07-22,CARD_PAYMENT,BRANCH,681000,JPY,6197000,カード決済,,MER0026,POSTED,
478,TX20260327000478,ACC000091,2026-03-27,2026-03-27,INTEREST,ONLINE,317.0,JPY,3170877.0,利息,,,POSTED,
479,TX20260520000479,ACC000092,2026-05-20,2026-05-20,DEPOSIT,BRANCH,476.14,USD,10809.43,入金,,,POSTED,EMP0038
480,TX20260406000480,ACC000093,2026-04-06,2026-04-06,WITHDRAWAL,MOBILE,826000,JPY,5137000,出金,,,POSTED,
481,TX20260514000481,ACC000094,2026-05-14,2026-05-15,TRANSFER_OUT,BRANCH,493000,JPY,5481450,振込出金,山口 拓也,,POSTED,EMP0038
482,TX20260705000482,ACC000095,2026-07-05,2026-07-05,WITHDRAWAL,ATM,621000,JPY,3832895.0,出金,,,POSTED,
483,TX20260310000483,ACC000096,2026-03-10,2026-03-10,FEE,ONLINE,220,USD,21245.28,手数料,,,POSTED,
484,TX20260429000484,ACC000097,2026-04-29,2026-04-29,WITHDRAWAL,MOBILE,665000,JPY,1278000,出金,,,POSTED,
485,TX20260625000485,ACC000098,2026-06-25,2026-06-25,FEE,ONLINE,220,JPY,3642560,手数料,,,POSTED,
486,TX20260803000486,ACC000099,2026-08-03,2026-08-03,WITHDRAWAL,MOBILE,134000,JPY,7390000,出金,,,POSTED,EMP0021
487,TX20260423000487,ACC000100,2026-04-23,2026-04-23,FEE,ATM,330,JPY,4173670,手数料,,,POSTED,EMP0013
488,TX20260314000488,ACC000101,2026-03-14,2026-03-14,INTEREST,ONLINE,31.0,JPY,307073.0,利息,,,POSTED,
489,TX20260712000489,ACC000102,2026-07-12,2026-07-13,TRANSFER_OUT,MOBILE,803000,JPY,5230000,振込出金,木村 花子,,POSTED,
490,TX20260615000490,ACC000103,2026-06-15,2026-06-15,FEE,ONLINE,550,USD,9847.26,手数料,,,POSTED,
491,TX20260527000491,ACC000104,2026-05-27,2026-05-27,DEPOSIT,BRANCH,60000,JPY,6536000,入金,,,POSTED,EMP0025
492,TX20260815000492,ACC000105,2026-08-15,2026-08-15,CARD_PAYMENT,ATM,810000,JPY,4579539.0,カード決済,,MER0003,POSTED,
493,TX20260629000493,ACC000106,2026-06-29,2026-06-29,WITHDRAWAL,ONLINE,838.04,USD,12166.65,出金,,,POSTED,
494,TX20260516000494,ACC000107,2026-05-16,2026-05-17,TRANSFER_OUT,ONLINE,205000,JPY,3107780,振込出金,小川 由美,,POSTED,
495,TX20260521000495,ACC000108,2026-05-21,2026-05-21,TRANSFER_IN,ATM,44000,JPY,6766672.0,振込入金,木村 彩,,POSTED,
496,TX20260712000496,ACC000109,2026-07-12,2026-07-13,TRANSFER_OUT,BRANCH,608000,JPY,8805000,振込出金,藤田 結衣,,POSTED,
497,TX20260725000497,ACC000110,2026-07-25,2026-07-25,FEE,MOBILE,110,JPY,2311121.0,手数料,,,POSTED,
498,TX20260723000498,ACC000111,2026-07-23,2026-07-23,FEE,ONLINE,330,JPY,7772670,手数料,,,POSTED,
499,TX20260708000499,ACC000113,2026-07-08,2026-07-08,TRANSFER_IN,MOBILE,117000,JPY,10792000,振込入金,小林 愛,,POSTED,
500,TX20260509000500,ACC000114,2026-05-09,2026-05-09,DEPOSIT,ONLINE,621000,JPY,1643000,入金,,,POSTED,EMP0038
501,TX20260306000501,ACC000115,2026-03-06,2026-03-06,DEPOSIT,BRANCH,845000,JPY,11924890,入金,,,POSTED,
502,TX20260430000502,ACC000116,2026-04-30,2026-04-30,TRANSFER_IN,ONLINE,415000,JPY,3584317.0,振込入金,斎藤 由美,,POSTED,
503,TX20260528000503,ACC000117,2026-05-28,2026-05-28,INTEREST,MOBILE,504.0,JPY,5044047.0,利息,,,POSTED,
504,TX20260627000504,ACC000118,2026-06-27,2026-06-27,INTEREST,MOBILE,830.0,JPY,8299720.0,利息,,,POSTED,
505,TX20260427000505,ACC000119,2026-04-27,2026-04-27,FEE,BRANCH,550,JPY,3870120,手数料,,,POSTED,EMP0034
506,TX20260720000506,ACC000120,2026-07-20,2026-07-20,DEPOSIT,MOBILE,452000,JPY,1347000,入金,,,POSTED,
507,TX20260629000507,ACC000121,2026-06-29,2026-06-29,DEPOSIT,ONLINE,308000,JPY,66322601.0,入金,,,POSTED,
508,TX20260619000508,ACC000122,2026-06-19,2026-06-19,FEE,ONLINE,550,JPY,46188450,手数料,,,POSTED,
509,TX20260623000509,ACC000123,2026-06-23,2026-06-23,WITHDRAWAL,MOBILE,828000,JPY,18568000,出金,,,POSTED,
510,TX20260504000510,ACC000124,2026-05-04,2026-05-04,DEPOSIT,ATM,773000,JPY,36749000,入金,,,POSTED,
511,TX20260824000511,ACC000125,2026-08-24,2026-08-24,INTEREST,BRANCH,5663.0,JPY,56637339.0,利息,,,POSTED,
512,TX20260423000512,ACC000126,2026-04-23,2026-04-23,WITHDRAWAL,MOBILE,761000,JPY,33553000,出金,,,POSTED,EMP0006
513,TX20260608000513,ACC000127,2026-06-08,2026-06-08,CARD_PAYMENT,BRANCH,48000,JPY,28442000,カード決済,,MER0007,POSTED,
514,TX20260704000514,ACC000128,2026-07-04,2026-07-04,INTEREST,MOBILE,7557.0,JPY,75578557.0,利息,,,POSTED,
515,TX20260605000515,ACC000129,2026-06-05,2026-06-05,CARD_PAYMENT,MOBILE,25000,JPY,71248000,カード決済,,MER0005,POSTED,EMP0009
516,TX20260405000516,ACC000130,2026-04-05,2026-04-05,CARD_PAYMENT,MOBILE,795000,JPY,6023682.0,カード決済,,MER0006,POSTED,
517,TX20260707000517,ACC000131,2026-07-07,2026-07-07,TRANSFER_IN,BRANCH,534000,JPY,60532670,振込入金,森 太郎,,POSTED,EMP0014
518,TX20260820000518,ACC000132,2026-08-20,2026-08-20,INTEREST,ONLINE,181.0,JPY,1815071.0,利息,,,POSTED,
519,TX20260511000519,ACC000133,2026-05-11,2026-05-11,WITHDRAWAL,MOBILE,289000,JPY,2128242.0,出金,,,POSTED,
520,TX20260311000520,ACC000134,2026-03-11,2026-03-11,TRANSFER_IN,ATM,525000,JPY,2669450,振込入金,中村 結衣,,POSTED,EMP0032
521,TX20260819000521,ACC000135,2026-08-19,2026-08-19,INTEREST,ATM,616.0,JPY,6165232.0,利息,,,POSTED,
522,TX20260414000522,ACC000136,2026-04-14,2026-04-14,INTEREST,ATM,955.0,JPY,9545956.0,利息,,,POSTED,
523,TX20260709000523,ACC000137,2026-07-09,2026-07-09,TRANSFER_IN,MOBILE,849000,JPY,1935000,振込入金,山崎 翔,,POSTED,
524,TX20260811000524,ACC000138,2026-08-11,2026-08-11,WITHDRAWAL,ONLINE,827000,JPY,2043450,出金,,,POSTED,
525,TX20260615000525,ACC000139,2026-06-15,2026-06-15,WITHDRAWAL,MOBILE,1614.19,USD,-941.47,出金,,,POSTED,
526,TX20260826000526,ACC000140,2026-08-26,2026-08-26,INTEREST,MOBILE,457.0,JPY,4571457.0,利息,,,POSTED,
527,TX20260715000527,ACC000141,2026-07-15,2026-07-16,TRANSFER_OUT,ONLINE,688000,JPY,4994000,振込出金,山口 美咲,,POSTED,
528,TX20260620000528,ACC000142,2026-06-20,2026-06-20,WITHDRAWAL,BRANCH,788000,JPY,3266000,出金,,,POSTED,
529,TX20260901000529,ACC000143,2026-09-01,2026-09-01,WITHDRAWAL,BRANCH,161000,JPY,9265613.0,出金,,,POSTED,EMP0011
530,TX20260718000530,ACC000144,2026-07-18,2026-07-18,DEPOSIT,MOBILE,331000,JPY,2492780,入金,,,POSTED,EMP0007
531,TX20260401000531,ACC000145,2026-04-01,2026-04-01,WITHDRAWAL,ONLINE,62000,JPY,6637000,出金,,,POSTED,
532,TX20260731000532,ACC000146,2026-07-31,2026-07-31,FEE,MOBILE,220,JPY,11503380.0,手数料,,,POSTED,
533,TX20260821000533,ACC000147,2026-08-21,2026-08-21,WITHDRAWAL,ONLINE,252000,JPY,5841670,出金,,,POSTED,
534,TX20260422000534,ACC000148,2026-04-22,2026-04-22,CARD_PAYMENT,MOBILE,125000,JPY,10371000,カード決済,,MER0022,POSTED,
535,TX20260815000535,ACC000149,2026-08-15,2026-08-15,CARD_PAYMENT,ONLINE,790000,JPY,3767495.0,カード決済,,MER0014,POSTED,
536,TX20260527000536,ACC000150,2026-05-27,2026-05-27,TRANSFER_IN,BRANCH,528000,JPY,2555209.0,振込入金,後藤 結衣,,POSTED,
537,TX20260504000537,ACC000151,2026-05-04,2026-05-04,CARD_PAYMENT,BRANCH,178000,JPY,7053890,カード決済,,MER0018,POSTED,
538,TX20260313000538,ACC000152,2026-03-13,2026-03-13,TRANSFER_IN,BRANCH,802000,JPY,8985000,振込入金,橋本 悠斗,,POSTED,
539,TX20260805000539,ACC000153,2026-08-05,2026-08-05,CARD_PAYMENT,BRANCH,607000,JPY,9260000,カード決済,,MER0027,POSTED,
540,TX20260403000540,ACC000154,2026-04-03,2026-04-04,TRANSFER_OUT,ATM,566000,JPY,4787315.0,振込出金,佐々木 花子,,POSTED,
541,TX20260618000541,ACC000155,2026-06-18,2026-06-18,FEE,ATM,550,JPY,5164450,手数料,,,POSTED,EMP0026
542,TX20260501000542,ACC000156,2026-05-01,2026-05-02,TRANSFER_OUT,ATM,443000,JPY,7561000,振込出金,木村 美咲,,POSTED,
543,TX20260817000543,ACC000157,2026-08-17,2026-08-17,DEPOSIT,MOBILE,877000,JPY,4061000,入金,,,POSTED,
544,TX20260815000544,ACC000158,2026-08-15,2026-08-15,WITHDRAWAL,MOBILE,809000,JPY,1340000,出金,,,POSTED,
545,TX20260311000545,ACC000159,2026-03-11,2026-03-12,TRANSFER_OUT,MOBILE,269000,JPY,10168000,振込出金,山田 拓也,,POSTED,
546,TX20260529000546,ACC000160,2026-05-29,2026-05-29,FEE,ONLINE,110,USD,462.91,手数料,,,POSTED,
547,TX20260604000547,ACC000161,2026-06-04,2026-06-04,CARD_PAYMENT,ATM,214000,JPY,1793402.0,カード決済,,MER0005,POSTED,EMP0015
548,TX20260612000548,ACC000162,2026-06-12,2026-06-13,TRANSFER_OUT,MOBILE,70000,JPY,10050000,振込出金,山田 愛,,POSTED,
549,TX20260416000549,ACC000163,2026-04-16,2026-04-16,TRANSFER_IN,BRANCH,248000,JPY,2634220.0,振込入金,清水 陽子,,POSTED,
550,TX20260718000550,ACC000164,2026-07-18,2026-07-19,TRANSFER_OUT,MOBILE,319000,JPY,11107670,振込出金,石川 恵子,,POSTED,
551,TX20260619000551,ACC000165,2026-06-19,2026-06-19,FEE,ONLINE,330,JPY,8376670,手数料,,,POSTED,
552,TX20260405000552,ACC000166,2026-04-05,2026-04-06,TRANSFER_OUT,ATM,83000,JPY,4361000,振込出金,橋本 彩,,POSTED,
553,TX20260604000553,ACC000167,2026-06-04,2026-06-04,CARD_PAYMENT,MOBILE,895000,JPY,9374000,カード決済,,MER0008,POSTED,EMP0039
554,TX20260318000554,ACC000168,2026-03-18,2026-03-18,TRANSFER_IN,MOBILE,644000,JPY,2805216.0,振込入金,中村 翔,,POSTED,
555,TX20260831000555,ACC000169,2026-08-31,2026-08-31,FEE,ONLINE,220,JPY,4118780,手数料,,,POSTED,
556,TX20260319000556,ACC000170,2026-03-19,2026-03-19,INTEREST,ATM,3.0,USD,29208.85,利息,,,POSTED,
557,TX20260827000557,ACC000171,2026-08-27,2026-08-27,CARD_PAYMENT,ONLINE,43000,JPY,10257000,カード決済,,MER0004,POSTED,
558,TX20260401000558,ACC000172,2026-04-01,2026-04-02,TRANSFER_OUT,ONLINE,201000,JPY,3628000,振込出金,加藤 翔,,POSTED,
559,TX20260621000559,ACC000173,2026-06-21,2026-06-21,DEPOSIT,MOBILE,834000,JPY,3029670,入金,,,POSTED,
560,TX20260329000560,ACC000174,2026-03-29,2026-03-30,TRANSFER_OUT,MOBILE,2798.77,USD,15012.16,振込出金,佐々木 愛,,POSTED,
561,TX20260418000561,ACC000175,2026-04-18,2026-04-18,DEPOSIT,ONLINE,618000,JPY,2189000,入金,,,POSTED,
562,TX20260807000562,ACC000176,2026-08-07,2026-08-07,CARD_PAYMENT,MOBILE,880000,JPY,2190890,カード決済,,MER0021,POSTED,EMP0020
563,TX20260601000563,ACC000178,2026-06-01,2026-06-01,FEE,ONLINE,110,JPY,3970560,手数料,,,POSTED,
564,TX20260510000564,ACC000179,2026-05-10,2026-05-11,TRANSFER_OUT,ATM,646000,JPY,3514399.0,振込出金,田中 隆,,POSTED,
565,TX20260531000565,ACC000180,2026-05-31,2026-05-31,CARD_PAYMENT,ONLINE,149000,JPY,2003780,カード決済,,MER0003,POSTED,
566,TX20260520000566,ACC000181,2026-05-20,2026-05-20,DEPOSIT,ATM,506000,JPY,-183000,入金,,,POSTED,
567,TX20260330000567,ACC000182,2026-03-30,2026-03-31,TRANSFER_OUT,MOBILE,845000,JPY,9611000,振込出金,山崎 由美,,POSTED,EMP0006
568,TX20260804000568,ACC000183,2026-08-04,2026-08-04,CARD_PAYMENT,BRANCH,581000,JPY,7985000,カード決済,,MER0015,POSTED,
569,TX20260731000569,ACC000184,2026-07-31,2026-07-31,TRANSFER_IN,MOBILE,553000,JPY,728000,振込入金,木村 由美,,POSTED,
570,TX20260410000570,ACC000185,2026-04-10,2026-04-10,CARD_PAYMENT,MOBILE,724000,JPY,6511000,カード決済,,MER0025,POSTED,
571,TX20260526000571,ACC000186,2026-05-26,2026-05-26,INTEREST,ATM,26.0,JPY,262026.0,利息,,,POSTED,
572,TX20260628000572,ACC000187,2026-06-28,2026-06-29,TRANSFER_OUT,ATM,15000,JPY,4857437.0,振込出金,斎藤 拓也,,POSTED,
573,TX20260620000573,ACC000188,2026-06-20,2026-06-21,TRANSFER_OUT,ATM,519000,JPY,8765450,振込出金,山田 浩二,,POSTED,
574,TX20260428000574,ACC000189,2026-04-28,2026-04-28,CARD_PAYMENT,ATM,165000,JPY,5134000,カード決済,,MER0006,POSTED,
575,TX20260823000575,ACC000190,2026-08-23,2026-08-23,CARD_PAYMENT,MOBILE,79000,JPY,5104230,カード決済,,MER0013,POSTED,
576,TX20260418000576,ACC000191,2026-04-18,2026-04-18,DEPOSIT,ONLINE,318000,JPY,5091477.0,入金,,,POSTED,EMP0038
577,TX20260618000577,ACC000192,2026-06-18,2026-06-18,WITHDRAWAL,ONLINE,861000,JPY,9255000,出金,,,POSTED,EMP0011
578,TX20260507000578,ACC000193,2026-05-07,2026-05-07,WITHDRAWAL,ATM,2922.09,USD,50510.67,出金,,,POSTED,
579,TX20260821000579,ACC000194,2026-08-21,2026-08-22,TRANSFER_OUT,ONLINE,13000,JPY,2538510.0,振込出金,橋本 愛,,POSTED,
580,TX20260513000580,ACC000195,2026-05-13,2026-05-13,WITHDRAWAL,ONLINE,72000,JPY,9335611.0,出金,,,POSTED,
581,TX20260601000581,ACC000196,2026-06-01,2026-06-01,WITHDRAWAL,ATM,640000,JPY,2979670,出金,,,POSTED,
582,TX20260816000582,ACC000197,2026-08-16,2026-08-16,CARD_PAYMENT,BRANCH,1015.83,USD,43830.87,カード決済,,MER0005,POSTED,
583,TX20260425000583,ACC000198,2026-04-25,2026-04-25,CARD_PAYMENT,ONLINE,99000,JPY,4431453.0,カード決済,,MER0011,POSTED,
584,TX20260406000584,ACC000199,2026-04-06,2026-04-07,TRANSFER_OUT,ONLINE,516000,JPY,3405460.0,振込出金,藤田 結衣,,POSTED,
585,TX20260723000585,ACC000200,2026-07-23,2026-07-24,TRANSFER_OUT,ONLINE,613000,JPY,10047670,振込出金,林 直樹,,POSTED,
586,TX20260626000586,ACC000001,2026-06-26,2026-06-26,TRANSFER_IN,ONLINE,91000,JPY,65588601.0,振込入金,松本 彩,,POSTED,
587,TX20260529000587,ACC000002,2026-05-29,2026-05-29,INTEREST,BRANCH,1247.0,JPY,12467247.0,利息,,,POSTED,
588,TX20260725000588,ACC000003,2026-07-25,2026-07-25,WITHDRAWAL,ATM,801000,JPY,11758000,出金,,,POSTED,
589,TX20260709000589,ACC000004,2026-07-09,2026-07-09,TRANSFER_IN,ONLINE,601000,JPY,28666884.0,振込入金,田中 浩二,,POSTED,
590,TX20260801000590,ACC000005,2026-08-01,2026-08-01,TRANSFER_IN,MOBILE,668000,JPY,29896016.0,振込入金,吉田 愛,,POSTED,
591,TX20260703000591,ACC000006,2026-07-03,2026-07-03,FEE,MOBILE,330,JPY,52192670,手数料,,,POSTED,
592,TX20260330000592,ACC000007,2026-03-30,2026-03-31,TRANSFER_OUT,MOBILE,255000,JPY,51830670,振込出金,石川 由美,,POSTED,
593,TX20260810000593,ACC000008,2026-08-10,2026-08-10,INTEREST,MOBILE,4954.0,JPY,49548844.0,利息,,,POSTED,
594,TX20260621000594,ACC000009,2026-06-21,2026-06-21,DEPOSIT,MOBILE,365000,JPY,60622000,入金,,,POSTED,
595,TX20260809000595,ACC000010,2026-08-09,2026-08-10,TRANSFER_OUT,ONLINE,73000,JPY,57047000,振込出金,木村 拓也,,POSTED,
596,TX20260314000596,ACC000011,2026-03-14,2026-03-14,FEE,MOBILE,550,JPY,41693450,手数料,,,POSTED,EMP0017
597,TX20260612000597,ACC000012,2026-06-12,2026-06-12,CARD_PAYMENT,ATM,394000,JPY,46740000,カード決済,,MER0017,POSTED,EMP0018
598,TX20260816000598,ACC000013,2026-08-16,2026-08-16,DEPOSIT,ONLINE,350000,JPY,10592994.0,入金,,,POSTED,
599,TX20260310000599,ACC000014,2026-03-10,2026-03-10,DEPOSIT,ATM,443000,JPY,12440890,入金,,,POSTED,
600,TX20260707000600,ACC000015,2026-07-07,2026-07-07,TRANSFER_IN,MOBILE,294.23,USD,49370.22,振込入金,渡辺 隆,,POSTED,
